Activity Type,Year,Month,Date,Hour,Week Day,Distance,Calories,Time,Time in minutes,Avg HR,Max HR,Aerobic TE,Avg Run Cadence,Max Run Cadence,Avg Pace,Best Pace,Total Ascent,Total Descent,Avg Stride Length,Total Strokes,Avg. Swolf,Avg Stroke Rate,Total Reps,Total Sets,Best Lap Time,Number of Laps,Moving Time,Elapsed Time,Min Elevation,Max Elevation
Running,2022,August,13/08/2022,22:40,Saturday,2.53,168,00:14:32,14.53,152,184,2.8,161,181,05:45,03:50,35,8,1.08,,0,0,0,,02:55.82.6,3,00:14:14,00:14:32,641,672
Running,2022,August,13/08/2022,22:38,Saturday,0.15,6,00:01:03,1.05,114,128,0.1,139,157,07:07,06:06,,,1.01,,0,0,0,,00:02.82.5,2,00:58.8,01:02.9,,
Strength Training,2022,August,04/08/2022,20:25,Thursday,0,140,00:32:16,32.27,98,125,0.5,0,0,,,,,0,,0,0,53,8,32:15.66.6,1,00:28:56,00:32:16,,
Strength Training,2022,August,01/08/2022,21:29,Monday,0,56,00:11:16,11.27,103,122,0.3,0,0,,,,,0,,0,0,29,6,11:16.05.2,1,07:26.0,00:12:05,,
Running,2022,August,01/08/2022,20:48,Monday,3.97,247,00:21:17,21.28,156,195,3.3,159,191,05:22,02:49,83,83,1.15,,0,0,0,,00:02.83.2,12,00:21:04,00:21:17,339,356
Running,2022,August,01/08/2022,20:40,Monday,0.69,46,00:04:28,4.47,111,125,1.1,160,168,06:26,05:29,11,8,0.97,,0,0,0,,04:27.59.7,1,00:04:27,04:27.6,343,356
Strength Training,2022,July,30/07/2022,23:26,Saturday,0,60,00:07:29,7.48,128,148,1,0,0,,,,,0,,0,0,47,8,07:28.94.4,1,04:30.0,07:28.9,,
Running,2022,July,30/07/2022,23:11,Saturday,2.44,166,00:13:16,13.27,131,165,3,163,208,05:26,04:46,33,20,1.13,,0,0,0,,02:22.72.2,3,00:13:11,00:14:28,349,377
Strength Training,2022,July,29/07/2022,19:03,Friday,0,20,00:03:31,3.52,109,126,0.3,0,0,,,,,0,,0,0,14,3,03:31.4,1,02:02.0,03:31.4,,
Pool Swimming,2022,July,29/07/2022,17:28,Friday,0.86,155,00:14:01,14.02,125,150,1.4,0,0,01:45,01:11,,,0,301,36,21,0,,14:01.46.3,1,00:14:01,00:16:56,,
Running,2022,July,23/07/2022,21:52,Saturday,0.51,47,00:05:26,5.43,131,142,0.7,99,244,10:40,03:01,48,35,0.91,,0,0,0,,00:17.65.6,8,04:44.8,05:25.6,351,366
Running,2022,July,23/07/2022,21:29,Saturday,1.01,118,00:14:56,14.93,133,170,1.7,85,165,14:46,06:46,22,10,0.8,,0,0,0,,00:08.64.5,2,00:10:46,00:14:56,327,350
Track Running,2022,July,23/07/2022,21:13,Saturday,0.86,59,00:07:18,7.3,133,143,0.9,106,242,08:30,01:38,77,75,1.01,,0,0,0,,00:14.72.2,12,06:37.6,07:39.4,334,351
Running,2022,July,23/07/2022,21:10,Saturday,0.07,7,00:00:53,0.88,125,129,0.1,99,233,12:32,09:39,,15,0.81,,0,0,0,,00:53.29.6,1,00:00:44,00:53.3,332,347
Running,2022,July,23/07/2022,21:00,Saturday,1.64,109,00:09:05,9.08,139,176,2.4,159,170,05:32,04:21,27,38,1.14,,0,0,0,,03:51.83.7,2,08:58.8,09:05.5,349,380
Strength Training,2022,July,18/07/2022,20:50,Monday,0,71,00:06:57,6.95,142,156,1.8,0,0,,,,,0,,0,0,46,6,06:56.51.5,1,03:18.6,06:56.5,,
Running,2022,July,18/07/2022,20:31,Monday,3.04,184,00:13:33,13.55,157,195,3.4,166,185,04:28,03:25,39,40,1.35,,0,0,0,,00:08.32.6,4,00:13:32,00:13:33,356,376
Running,2022,July,16/07/2022,18:48,Saturday,5.82,416,00:31:56,31.93,157,187,4.2,159,193,05:29,03:51,42,43,1.15,,0,0,0,,04:19.98.4,6,00:31:08,00:31:56,951,979
Pool Swimming,2022,July,16/07/2022,15:45,Saturday,0.825,189,00:44:10,44.17,111,158,1.8,0,0,02:13,00:56,,,0,550,50,30,0,,44:09.75.6,1,00:18:14,00:44:46,,
Running,2022,July,14/07/2022,18:45,Thursday,4.01,253,00:18:23,18.38,163,188,3.7,162,177,04:35,03:57,51,54,1.35,,0,0,0,,00:00.88.3,5,00:18:22,00:18:25,350,376
Strength Training,2022,July,13/07/2022,21:52,Wednesday,0,31,00:05:28,5.47,112,124,0.6,0,0,,,,,0,,0,0,29,6,05:28.5,1,03:24.6,05:28.5,,
Pool Swimming,2022,July,12/07/2022,13:13,Tuesday,0.625,116,00:25:10,25.17,111,142,1.2,0,0,02:02,01:07,,,0,328,44,26,0,,25:10.34.8,1,00:12:41,00:25:25,,
Strength Training,2022,July,06/07/2022,21:19,Wednesday,0,47,00:09:16,9.27,106,120,0.3,0,0,,,,,0,,0,0,21,5,09:15.65.8,1,02:27.6,09:15.7,,
Pool Swimming,2022,July,05/07/2022,13:51,Tuesday,1.025,170,00:29:35,29.58,122,150,2.1,0,0,02:14,01:35,,,0,555,47,24,0,,00:17.48.5,5,00:22:53,00:31:30,,
Strength Training,2022,July,03/07/2022,19:57,Sunday,0,54,00:07:15,7.25,124,145,0.8,0,0,,,,,0,,0,0,49,6,07:14.99.3,1,03:44.9,07:15.0,,
Running,2022,July,03/07/2022,19:29,Sunday,2.89,195,00:16:04,16.07,151,189,3.1,160,175,05:33,04:26,37,41,1.12,,0,0,0,,05:02.73.5,3,00:16:02,00:16:04,327,365
Pool Swimming,2022,June,30/06/2022,16:45,Thursday,1.01,162,00:28:15,28.25,130,152,2.1,0,0,02:19,01:53,,,0,536,48,23,0,,00:35.89.6,9,00:23:11,00:28:32,,
Strength Training,2022,June,30/06/2022,16:42,Thursday,0,16,00:02:24,2.4,112,127,0.1,0,0,,,,,0,,0,0,11,1,02:23.6,1,02:23.6,02:23.6,,
Strength Training,2022,June,29/06/2022,21:24,Wednesday,0,51,00:09:36,9.6,109,123,0.4,0,0,,,,,0,,0,0,44,9,09:35.84.3,1,05:11.8,09:35.8,,
Strength Training,2022,June,28/06/2022,20:19,Tuesday,0,43,00:07:35,7.58,109,124,0.3,0,0,,,,,0,,0,0,15,5,07:35.52.8,1,02:34.8,07:35.5,,
Running,2022,June,28/06/2022,20:05,Tuesday,2.5,170,00:12:43,12.72,147,182,3.2,160,175,05:06,04:15,95,97,1.22,,0,0,0,,02:19.57.4,3,00:12:43,00:12:43,309,360
Strength Training,2022,June,26/06/2022,21:02,Sunday,0,48,00:08:27,8.45,110,124,0.4,0,0,,,,,0,,0,0,35,6,08:27.37.2,1,03:13.5,08:27.4,,
Strength Training,2022,June,25/06/2022,21:42,Saturday,0,43,00:07:32,7.53,111,127,0.3,0,0,,,,,0,,0,0,51,7,07:32.35.9,1,03:09.4,07:32.4,,
Running,2022,June,25/06/2022,21:13,Saturday,3.25,217,00:18:47,18.78,149,176,3,160,190,05:47,03:32,51,46,1.08,,0,0,0,,01:10.40.5,4,00:18:45,00:18:47,353,375
Pool Swimming,2022,June,24/06/2022,17:23,Friday,0.5,82,00:12:05,12.08,127,144,1.5,0,0,02:13,01:41,,,0,266,46,24,0,,12:04.56.7,1,00:11:03,00:14:35,,
Pool Swimming,2022,June,20/06/2022,17:40,Monday,1.25,189,00:24:56,24.93,135,159,2.3,0,0,02:05,01:25,,,0,444,42,21,0,,04:47.55.8,2,00:21:18,00:30:04,,
Strength Training,2022,June,20/06/2022,17:36,Monday,0,39,00:03:42,3.7,139,155,0.9,0,0,,,,,0,,0,0,13,1,03:41.49.8,1,03:33.7,03:41.5,,
Running,2022,June,18/06/2022,23:28,Saturday,0.02,17,00:02:25,2.42,116,125,0.3,6,91,,19:50,,,1.57,,0,0,0,,02:24.73.1,1,00:00:00,02:24.7,369,371
Strength Training,2022,June,18/06/2022,23:20,Saturday,0,32,00:05:19,5.32,111,127,0.3,0,0,,,,,0,,0,0,13,3,05:18.98.1,1,05:13.5,05:19.0,,
Running,2022,June,18/06/2022,22:54,Saturday,3.47,230,00:17:37,17.62,143,187,3.4,163,175,05:05,04:31,69,45,1.2,,0,0,0,,02:19.33.2,4,00:17:37,00:17:37,345,375
Strength Training,2022,June,17/06/2022,18:40,Friday,0,84,00:37:04,37.07,78,117,0.2,0,0,,,,,0,,0,0,82,10,37:03.94.8,1,06:25.4,00:37:04,,
Pool Swimming,2022,June,14/06/2022,19:31,Tuesday,1.25,185,00:20:47,20.78,118,146,1.1,0,0,02:02,01:04,,,0,461,42,22,0,,06:51.94.9,3,00:20:47,00:25:31,,
Strength Training,2022,June,13/06/2022,21:02,Monday,0,40,00:05:28,5.47,122,138,0.9,0,0,,,,,0,,0,0,38,5,05:28.20.8,1,02:04.4,05:28.2,,
Running,2022,June,11/06/2022,21:53,Saturday,3.01,206,00:18:42,18.7,149,167,2.7,162,239,06:13,04:40,39,59,1,,0,0,0,,00:03.11.8,4,00:18:38,00:18:42,356,389
Strength Training,2022,June,10/06/2022,16:54,Friday,0,8,00:03:46,3.77,78,103,0.1,0,0,,,,,0,,0,0,19,3,03:46.01.4,1,02:00.6,03:46.0,,
Pool Swimming,2022,June,06/06/2022,15:37,Monday,0.45,92,00:11:03,11.05,120,134,0.8,0,0,02:27,00:50,,,0,283,53,26,0,,11:03.34.8,1,00:11:03,00:12:30,,
Pool Swimming,2022,June,06/06/2022,14:41,Monday,0.375,84,00:08:31,8.52,106,127,0.3,0,0,02:16,01:39,,,0,205,48,24,0,,08:30.72.6,1,08:30.7,09:35.2,,
Strength Training,2022,June,03/06/2022,08:24,Friday,0,51,00:07:12,7.2,121,134,0.8,0,0,,,,,0,,0,0,40,6,07:11.98.5,1,02:50.8,07:12.0,,
Running,2022,June,03/06/2022,07:47,Friday,5.01,356,00:31:32,31.53,150,166,3.2,160,231,06:18,04:07,24,26,0.99,,0,0,0,,00:02.4,6,00:31:29,00:31:32,-5,11
Pool Swimming,2022,June,02/06/2022,17:32,Thursday,1.025,167,00:28:24,28.4,107,134,0.7,0,0,02:32,01:33,,,0,601,53,23,0,,28:23.88.4,1,00:25:57,00:28:59,,
Strength Training,2022,June,01/06/2022,20:47,Wednesday,0,59,00:07:50,7.83,121,135,0.7,0,0,,,,,0,,0,0,25,4,07:49.53.6,1,05:51.2,07:49.5,,
Running,2022,June,01/06/2022,20:23,Wednesday,3.23,220,00:17:13,17.22,148,178,3.3,160,170,05:19,04:26,49,45,1.17,,0,0,0,,01:10.77.7,4,00:17:13,00:17:13,355,376
Pool Swimming,2022,May,30/05/2022,06:32,Monday,0.65,108,00:19:17,19.28,112,139,0.8,0,0,02:17,01:30,,,0,370,48,25,0,,01:30.41.3,5,00:14:50,00:19:23,,
Pool Swimming,2022,May,27/05/2022,12:53,Friday,0.975,174,00:24:41,24.68,117,132,1,0,0,02:14,01:11,,,0,479,46,22,0,,24:40.52.6,1,00:21:45,00:26:51,,
Strength Training,2022,May,26/05/2022,19:49,Thursday,0,39,00:06:23,6.38,117,137,0.4,0,0,,,,,0,,0,0,42,7,06:22.76.9,1,03:05.8,06:22.8,,
Running,2022,May,26/05/2022,19:34,Thursday,2.5,158,00:13:21,13.35,131,144,2.8,159,179,05:21,04:27,34,20,1.18,,0,0,0,,02:51.94.7,3,00:13:19,00:13:21,355,382
Strength Training,2022,May,21/05/2022,21:07,Saturday,0,51,00:14:10,14.17,95,127,0.3,0,0,,,,,0,,0,0,80,12,14:09.55.2,1,06:51.5,00:14:10,,
Running,2022,May,20/05/2022,07:09,Friday,5.14,314,00:21:51,21.85,170,202,4.5,163,197,04:15,02:56,90,91,1.45,,0,0,0,,00:25.63.4,6,00:21:49,00:21:51,543,602
Running,2022,May,16/05/2022,19:55,Monday,5.01,307,00:20:49,20.82,171,195,4.4,162,179,04:09,03:38,69,73,1.49,,0,0,0,,00:01.90.6,6,00:20:43,00:20:52,350,375
Strength Training,2022,May,14/05/2022,22:01,Saturday,0,78,00:25:30,25.5,87,111,0.2,0,0,,,,,0,,0,0,75,12,25:29.55.5,1,00:14:43,00:25:30,,
Running,2022,May,13/05/2022,18:24,Friday,7.01,478,00:34:23,34.38,175,198,4.7,161,175,04:54,04:27,82,88,1.27,,0,0,0,,00:02.11.1,8,00:34:22,00:34:23,341,380
Pool Swimming,2022,May,13/05/2022,13:52,Friday,0.75,144,00:14:41,14.68,121,138,1,0,0,01:58,01:25,,,0,295,39,20,0,,14:41.41.1,1,00:14:41,00:17:48,,
Running,2022,May,11/05/2022,20:07,Wednesday,3.01,184,00:12:25,12.42,165,196,3.5,162,189,04:08,03:36,50,48,1.5,,0,0,0,,00:01.12.1,4,00:12:20,00:12:25,361,379
Strength Training,2022,May,09/05/2022,20:36,Monday,0,95,00:29:59,29.98,90,127,0.3,0,0,,,,,0,,0,0,133,22,29:58.86.4,1,00:11:44,00:29:59,,
Strength Training,2022,May,07/05/2022,22:58,Saturday,0,41,00:08:54,8.9,104,116,0.2,0,0,,,,,0,,0,0,29,7,08:54.14.5,1,02:54.6,08:54.1,,
Running,2022,May,07/05/2022,22:20,Saturday,4.01,273,00:20:19,20.32,146,178,3.7,165,183,05:04,04:11,48,49,1.2,,0,0,0,,00:01.26.9,5,00:20:13,00:20:19,358,375
Strength Training,2022,May,02/05/2022,21:43,Monday,0,60,00:09:00,9,117,135,0.6,0,0,,,,,0,,0,0,47,7,08:59.51.7,1,03:00.6,08:59.5,,
Running,2022,May,02/05/2022,21:10,Monday,5.01,323,00:23:02,23.03,166,202,4.1,161,175,04:36,04:02,79,78,1.35,,0,0,0,,00:01.20.5,6,00:23:01,00:23:02,345,381
Strength Training,2022,April,27/04/2022,20:53,Wednesday,0,6,00:03:19,3.32,84,92,0,0,0,,,,,0,,0,0,32,7,03:18.71.4,1,01:48.8,03:18.7,,
Strength Training,2022,April,25/04/2022,19:52,Monday,0,77,00:10:27,10.45,123,136,0.9,0,0,,,,,0,,0,0,94,13,10:26.66.9,1,06:02.8,00:10:27,,
Running,2022,April,25/04/2022,19:33,Monday,3.35,204,00:14:35,14.58,146,195,3.4,165,199,04:22,03:44,49,39,1.39,,0,0,0,,01:23.76.8,4,00:14:34,00:14:35,355,377
Strength Training,2022,April,23/04/2022,21:28,Saturday,0,60,00:07:31,7.52,127,140,0.9,0,0,,,,,0,,0,0,42,8,07:31.2,1,03:48.4,07:31.2,,
Running,2022,April,23/04/2022,20:48,Saturday,5.66,376,00:28:35,28.58,161,187,3.9,162,175,05:03,03:56,69,78,1.22,,0,0,0,,03:03.29.4,6,00:28:32,00:28:35,349,376
Running,2022,April,21/04/2022,11:54,Thursday,5,366,00:30:09,30.15,159,181,3.5,156,168,06:02,04:59,31,26,1.06,,0,0,0,,00:01.38.1,6,00:29:15,00:30:09,-4,12
Strength Training,2022,April,18/04/2022,20:24,Monday,0,118,00:18:22,18.37,116,151,1.4,0,0,,,,,0,,0,0,101,11,18:22.03.5,1,00:11:15,00:21:41,,
Running,2022,April,18/04/2022,20:19,Monday,0.16,9,00:01:44,1.73,109,120,0.1,108,180,10:51,04:53,13,,0.85,,0,0,0,,00:09.09.2,3,01:34.2,01:44.3,367,383
Running,2022,April,18/04/2022,20:00,Monday,2.02,137,00:11:35,11.58,142,161,2.5,160,173,05:44,04:57,44,28,1.09,,0,0,0,,00:06.39.3,3,00:11:24,00:13:26,349,377
Strength Training,2022,April,15/04/2022,18:28,Friday,0,138,00:20:21,20.35,116,143,1,0,0,,,,,0,,0,0,11,3,20:20.87.1,1,00:17:00,00:20:21,,
Running,2022,April,15/04/2022,18:04,Friday,2.33,154,00:12:14,12.23,146,167,2.8,162,170,05:14,04:47,59,43,1.18,,0,0,0,,01:39.74.9,3,00:12:13,00:12:14,353,376
Running,2022,April,09/04/2022,09:42,Saturday,6.28,466,00:36:44,36.73,160,194,4.2,150,189,05:51,03:42,124,126,1.13,,0,0,0,,01:34.41.8,7,00:34:07,00:36:44,779,843
Strength Training,2022,April,04/04/2022,19:27,Monday,0,86,00:14:04,14.07,114,141,0.9,0,0,,,,,0,,0,0,138,13,14:04.3,1,09:43.2,00:14:05,,
Strength Training,2022,April,03/04/2022,20:07,Sunday,0,116,00:13:29,13.48,132,143,1.7,0,0,,,,,0,,0,0,101,12,13:28.62.4,1,06:05.3,00:13:29,,
Running,2022,April,03/04/2022,19:44,Sunday,4.42,294,00:21:05,21.08,156,198,3.8,163,179,04:46,03:43,77,61,1.28,,0,0,0,,01:53.64.3,5,00:20:56,00:21:05,349,379
Strength Training,2022,April,02/04/2022,21:30,Saturday,0,46,00:08:17,8.28,106,124,0.3,0,0,,,,,0,,0,0,28,6,08:17.5,1,05:35.7,08:17.5,,
Running,2022,April,02/04/2022,21:19,Saturday,1.63,97,00:08:44,8.73,127,141,2.3,165,179,05:22,04:47,12,7,1.13,,0,0,0,,03:15.53.5,2,00:08:42,00:11:09,356,370
Strength Training,2022,March,23/03/2022,19:54,Wednesday,0,73,00:09:32,9.53,125,145,1,0,0,,,,,0,,0,0,72,11,09:31.74.1,1,04:38.1,09:31.7,,
Running,2022,March,23/03/2022,19:39,Wednesday,2.22,159,00:12:41,12.68,133,142,2.7,159,175,05:43,04:48,42,35,1.1,,0,0,0,,01:17.64.7,3,00:12:27,00:12:41,350,373
Running,2022,March,21/03/2022,16:38,Monday,2.32,180,00:26:41,26.68,111,141,1.4,103,249,11:29,05:07,70,77,0.84,,0,0,0,,04:04.4,3,00:24:47,00:26:41,330,400
Strength Training,2022,March,19/03/2022,20:07,Saturday,0,99,00:19:17,19.28,104,133,0.5,0,0,,,,,0,,0,0,51,8,19:17.35.8,1,00:11:55,00:19:29,,
Running,2022,March,19/03/2022,19:30,Saturday,4.02,281,00:21:55,21.92,138,152,3.3,161,177,05:27,04:50,89,82,1.14,,0,0,0,,00:06.22.5,5,00:21:54,00:21:55,355,404
Running,2022,March,18/03/2022,09:40,Friday,4.73,331,00:27:06,27.1,149,171,3.2,164,187,05:44,04:15,70,69,1.07,,0,0,0,,04:28.09.1,5,00:27:04,00:30:35,326,365
Other,2022,March,12/03/2022,09:29,Saturday,56.15,1345,05:51:24,351.4,95,129,1.6,6,214,9.6,62.5,"6,064","5,630",37.24,,0,0,0,,00:02.37.2,57,03:13:22,05:51:26,"1,260","2,945"
Other,2022,March,11/03/2022,13:03,Friday,44.08,1294,04:17:58,257.97,84,113,3,4,166,10.3,60.3,"4,807","4,632",68.67,,0,0,0,,01:30.66.2,45,02:35:02,04:17:58,"1,436","2,690"
Other,2022,March,10/03/2022,13:32,Thursday,3.54,92,00:13:27,13.45,109,119,0.8,5,147,15.8,68.6,,738,74.03,,0,0,0,,01:13.61.2,4,00:07:46,00:13:27,"2,351","3,090"
Other,2022,March,10/03/2022,10:33,Thursday,25.77,479,02:11:02,131.03,90,120,1.2,5,166,11.8,68.4,"1,842","3,241",46.1,,0,0,0,,01:08.58.9,26,01:19:44,02:11:02,"1,141","2,998"
Other,2022,March,08/03/2022,16:28,Tuesday,1.74,33,00:03:49,3.82,113,119,0.5,5,111,27.3,44.3,,250,106.69,,0,0,0,,01:35.76.4,2,03:41.3,03:49.0,"2,324","2,580"
Other,2022,March,08/03/2022,16:14,Tuesday,1.5,29,00:03:34,3.57,113,121,0.4,4,82,25.3,49.7,,235,32.04,,0,0,0,,01:45.23.2,2,00:03:25,03:33.9,"2,205","2,442"
Other,2022,March,08/03/2022,15:54,Tuesday,3.48,44,00:05:35,5.58,108,118,0.6,13,157,37.4,67.2,,662,49.93,,0,0,0,,00:56.72.3,4,00:05:34,05:35.0,"2,273","2,945"
Other,2022,March,08/03/2022,11:52,Tuesday,4.14,166,00:19:52,19.87,119,132,1.9,6,181,12.5,61,,843,53.47,,0,0,0,,00:29.86.8,5,00:11:28,00:19:52,"1,783","2,634"
Other,2022,March,08/03/2022,10:27,Tuesday,0.81,42,00:04:04,4.07,133,147,0.8,10,147,11.9,37.2,,97,19.98,,0,0,0,,04:04.18.8,1,00:02:13,04:04.5,"2,278","2,381"
Other,2022,March,07/03/2022,11:35,Monday,0.62,12,00:01:19,1.32,116,122,0.1,4,100,28,55.2,,99,128.35,,0,0,0,,01:19.5,1,00:00:56,01:23.4,"2,686","2,788"
Other,2022,March,07/03/2022,11:09,Monday,2.39,45,00:04:28,4.47,114,119,1.1,14,138,32.1,55,,434,19.26,,0,0,0,,00:45.99.5,3,04:27.2,04:28.2,"2,481","2,925"
Other,2022,March,07/03/2022,10:31,Monday,3.01,156,00:18:07,18.12,119,138,2,4,153,10,39.6,12,400,24.39,,0,0,0,,00:03.29.6,4,00:12:07,00:18:07,"2,234","2,622"
Pool Swimming,2022,March,01/03/2022,18:03,Tuesday,1.025,186,00:21:04,21.07,122,146,1.5,0,0,01:59,00:59,,,0,425,40,21,0,,21:03.74.4,1,00:20:16,00:21:19,,
Pool Swimming,2022,February,25/02/2022,10:24,Friday,1.5,282,00:39:06,39.1,118,152,1.7,0,0,02:09,00:52,,,0,663,43,21,0,,00:02.09.8,2,00:32:19,00:42:02,,
Strength Training,2022,February,25/02/2022,10:11,Friday,0,45,00:08:26,8.43,104,132,0.4,0,0,,,,,0,,0,0,41,5,08:26.32.9,1,04:11.1,08:26.3,,
Strength Training,2022,February,21/02/2022,20:22,Monday,0,93,00:15:45,15.75,111,124,0.6,0,0,,,,,0,,0,0,45,9,15:45.16.9,1,06:17.0,00:15:45,,
Running,2022,February,21/02/2022,19:52,Monday,3.27,228,00:17:40,17.67,145,160,3.1,163,172,05:25,04:49,53,50,1.14,,0,0,0,,01:23.77.6,4,00:17:37,00:17:40,354,376
Running,2022,February,18/02/2022,16:25,Friday,3.52,250,00:18:23,18.38,145,159,3.4,159,176,05:13,04:33,78,68,1.21,,0,0,0,,02:37.83.7,4,00:18:22,00:18:23,345,378
Pool Swimming,2022,February,17/02/2022,12:48,Thursday,0.8,154,00:23:43,23.72,124,147,2,0,0,01:55,01:23,,,0,316,39,21,0,,23:42.6,1,00:15:21,00:29:08,,
Running,2022,February,14/02/2022,10:19,Monday,3.8,249,00:19:43,19.72,139,163,3.1,163,183,05:12,04:09,63,64,1.18,,0,0,0,,04:24.72.1,4,00:19:38,00:30:18,322,363
Strength Training,2022,February,09/02/2022,20:30,Wednesday,0,148,00:37:05,37.08,96,126,0.5,0,0,,,,,0,,0,0,109,18,37:05.20.5,1,00:12:25,00:37:07,,
Treadmill Running,2022,February,09/02/2022,20:20,Wednesday,1,52,00:06:23,6.38,120,137,0.7,147,166,06:21,04:51,,,1.07,,0,0,0,,00:02.13.4,2,06:09.1,06:22.6,,
Cycling,2022,February,04/02/2022,11:11,Friday,14.64,685,02:28:17,148.28,104,142,1.4,0,0,5.9,29.7,321,268,0,,0,0,0,,29:33.15.4,3,01:06:32,02:43:49,78,169
Pool Swimming,2022,February,03/02/2022,16:43,Thursday,1.05,191,00:25:41,25.68,125,149,2,0,0,01:57,01:07,,,0,438,40,23,0,,25:40.56.2,1,00:19:26,00:26:32,,
Pool Swimming,2022,January,31/01/2022,18:22,Monday,1.05,178,00:23:41,23.68,123,134,1.5,0,0,02:10,01:24,,,0,463,44,21,0,,23:40.8,1,00:22:16,00:24:01,,
Strength Training,2022,January,30/01/2022,19:58,Sunday,0,57,00:07:23,7.38,120,136,0.6,0,0,,,,,0,,0,0,19,4,07:23.26.5,1,05:49.0,07:23.3,,
Running,2022,January,30/01/2022,19:52,Sunday,0.93,61,00:04:44,4.73,149,166,2,154,173,05:07,04:29,8,14,1.27,,0,0,0,,04:44.28.7,1,00:04:32,04:44.3,355,373
Running,2022,January,30/01/2022,19:45,Sunday,0.67,42,00:03:28,3.47,132,149,1.5,161,172,05:10,04:33,6,8,1.2,,0,0,0,,03:27.65.4,1,00:03:20,03:27.7,354,368
Strength Training,2022,January,28/01/2022,12:26,Friday,0,83,00:11:11,11.18,122,155,1.2,0,0,,,,,0,,0,0,56,8,11:11.42.4,1,05:01.9,00:11:11,,
Treadmill Running,2022,January,28/01/2022,12:08,Friday,3.01,151,00:14:59,14.98,134,149,2,160,179,04:59,04:15,,,1.26,,0,0,0,,00:01.77.7,4,00:14:55,00:14:59,,
Strength Training,2022,January,25/01/2022,18:59,Tuesday,0,15,00:04:40,4.67,91,99,0.1,0,0,,,,,0,,0,0,16,4,04:39.93.7,1,04:16.6,04:39.9,,
Pool Swimming,2022,January,24/01/2022,17:23,Monday,1.01,180,00:18:51,18.85,132,151,2,0,0,01:53,01:17,,,0,383,38,20,0,,18:51.34.4,1,00:18:51,00:21:37,,
Running,2022,January,22/01/2022,23:33,Saturday,4.02,279,00:20:03,20.05,151,173,3.6,164,181,04:59,04:01,59,55,1.22,,0,0,0,,00:07.77.5,5,00:20:01,00:20:08,346,400
Strength Training,2022,January,21/01/2022,16:27,Friday,0,53,00:06:55,6.92,121,136,0.6,0,0,,,,,0,,0,0,24,5,06:54.56.2,1,05:17.2,06:54.6,,
Running,2022,January,21/01/2022,16:10,Friday,2,131,00:12:17,12.28,138,147,2.1,158,168,06:08,04:23,,,1.03,,0,0,0,,00:01.95.5,3,00:12:16,00:12:57,369,370
Pool Swimming,2022,January,17/01/2022,19:17,Monday,0.5,112,00:17:13,17.22,106,133,0.6,0,0,01:55,01:13,,,0,266,40,24,0,,17:12.81.1,1,00:11:03,00:17:20,,
Strength Training,2022,January,12/01/2022,19:05,Wednesday,0,73,00:18:06,18.1,92,116,0.2,0,0,,,,,0,,0,0,39,3,18:05.51.1,1,09:52.8,00:18:06,,
Pool Swimming,2022,January,11/01/2022,17:45,Tuesday,1.01,186,00:19:48,19.8,150,165,2.8,0,0,01:59,01:25,,,0,407,40,21,0,,09:03.04.9,2,00:19:48,00:23:01,,
Running,2022,January,11/01/2022,08:02,Tuesday,2.78,197,00:16:44,16.73,138,158,2.8,162,177,06:01,05:05,41,41,1.03,,0,0,0,,05:04.95.1,3,00:16:43,00:16:54,328,367
Pool Swimming,2022,January,07/01/2022,15:31,Friday,1.05,173,00:27:38,27.63,123,155,2,0,0,02:18,01:52,,,0,602,49,25,0,,27:38.39.7,1,00:24:05,00:28:42,,
Strength Training,2022,January,06/01/2022,19:40,Thursday,0,66,00:08:31,8.52,124,134,0.8,0,0,,,,,0,,0,0,73,11,08:31.26.9,1,04:21.2,08:31.3,,
Running,2022,January,06/01/2022,19:04,Thursday,5.51,390,00:29:25,29.42,141,167,3.8,162,175,05:20,04:44,73,71,1.15,,0,0,0,,02:35.77.9,6,00:29:22,00:29:25,351,376
Strength Training,2022,January,01/01/2022,21:09,Saturday,0,61,00:09:30,9.5,119,134,0.6,0,0,,,,,0,,0,0,90,12,09:29.88.2,1,04:45.2,09:32.0,,
Running,2022,January,01/01/2022,20:48,Saturday,3.37,234,00:19:04,19.07,134,147,3.1,160,172,05:40,04:55,36,34,1.1,,0,0,0,,02:05.80.7,4,00:19:03,00:19:04,351,378
Pool Swimming,2021,December,31/12/2021,15:47,Friday,1,206,00:18:52,18.87,119,138,1.1,0,0,01:39,00:36,,,0,358,34,22,0,,18:51.9,1,00:16:29,00:19:52,,
Strength Training,2021,December,30/12/2021,19:55,Thursday,0,91,00:11:40,11.67,120,138,0.8,0,0,,,,,0,,0,0,7,1,11:40.42.2,1,00:23.4,00:11:40,,
Running,2021,December,30/12/2021,19:31,Thursday,3.26,206,00:14:01,14.02,155,197,3.4,164,183,04:18,03:37,61,60,1.42,,0,0,0,,01:00.43.5,4,00:13:58,00:14:01,350,377
Pool Swimming,2021,December,27/12/2021,21:13,Monday,1,191,00:19:36,19.6,117,136,1,0,0,01:55,01:21,,,0,367,38,19,0,,19:36.41.3,1,00:19:14,00:21:10,,
Running,2021,December,25/12/2021,17:58,Saturday,5.01,354,00:26:23,26.38,149,166,3.8,162,176,05:16,04:35,54,62,1.17,,0,0,0,,00:03.11.1,6,00:26:17,00:26:23,356,375
Strength Training,2021,December,24/12/2021,10:17,Friday,0,102,00:10:15,10.25,136,148,1.9,0,0,,,,,0,,0,0,45,5,10:15.01.8,1,06:51.5,00:10:15,,
Running,2021,December,24/12/2021,09:34,Friday,7.02,516,00:38:48,38.8,159,187,4.2,160,170,05:32,04:52,18,14,1.13,,0,0,0,,00:04.40.5,8,00:38:46,00:38:48,-2,10
Pool Swimming,2021,December,21/12/2021,19:25,Tuesday,1.25,192,00:20:43,20.72,115,129,1,0,0,01:53,01:15,,,0,381,38,20,0,,20:42.54.2,1,00:19:20,00:20:54,,
Strength Training,2021,December,21/12/2021,19:01,Tuesday,0,56,00:07:02,7.03,122,135,0.6,0,0,,,,,0,,0,0,31,4,07:01.63.2,1,02:45.1,07:01.6,,
Treadmill Running,2021,December,21/12/2021,18:40,Tuesday,2.33,125,00:12:05,12.08,134,167,2,152,185,05:12,04:02,,,1.26,,0,0,0,,02:31.74.4,3,00:11:46,00:12:05,,
Strength Training,2021,December,18/12/2021,19:08,Saturday,0,110,00:12:58,12.97,126,153,1.7,0,0,,,,,0,,0,0,17,4,12:57.75.5,1,00:11:04,00:13:33,,
Running,2021,December,18/12/2021,18:37,Saturday,5.49,365,00:25:25,25.42,169,186,4.1,165,178,04:38,03:49,68,69,1.31,,0,0,0,,02:10.11.1,6,00:25:18,00:25:53,349,376
Running,2021,December,18/12/2021,18:34,Saturday,0.23,32,00:02:53,2.88,131,145,0.8,86,163,12:19,05:20,15,,0.95,,0,0,0,,02:53.28.5,1,00:01:30,02:53.3,351,368
Pool Swimming,2021,December,13/12/2021,14:31,Monday,1,169,00:23:46,23.77,113,139,0.9,0,0,02:19,01:20,,,0,522,48,23,0,,23:45.71.1,1,00:23:06,00:24:17,,
Strength Training,2021,December,11/12/2021,19:29,Saturday,0,54,00:06:06,6.1,124,144,0.7,0,0,,,,,0,,0,0,5,1,06:06.15.2,1,06:06.2,06:06.2,,
Running,2021,December,11/12/2021,18:57,Saturday,4.25,311,00:26:19,26.32,148,169,3.1,157,170,06:11,02:19,64,65,1.03,,0,0,0,,01:12.08.3,5,00:26:08,00:26:19,349,375
Pool Swimming,2021,December,10/12/2021,14:55,Friday,1.55,297,00:30:44,30.73,127,165,2.3,0,0,01:54,01:18,,,0,600,38,20,0,,11:05.95.5,2,00:29:31,00:35:20,,
Strength Training,2021,December,09/12/2021,19:16,Thursday,0,14,00:01:53,1.88,113,118,0.1,0,0,,,,,0,,0,0,10,1,01:53.32.9,1,01:53.3,01:53.3,,
Strength Training,2021,December,09/12/2021,18:58,Thursday,0,118,00:16:50,16.83,115,132,0.7,0,0,,,,,0,,0,0,21,4,16:50.19.7,1,07:32.1,00:16:50,,
Running,2021,December,09/12/2021,18:22,Thursday,4.22,279,00:19:52,19.87,150,184,3.6,162,177,04:43,03:58,59,54,1.31,,0,0,0,,00:52.80.4,5,00:19:48,00:19:52,355,375
Pool Swimming,2021,December,06/12/2021,19:52,Monday,1.2,209,00:30:56,30.93,130,157,2.2,0,0,02:12,00:57,,,0,599,46,23,0,,30:56.21.4,1,00:26:26,00:34:01,,
Strength Training,2021,December,06/12/2021,19:23,Monday,0,161,00:21:38,21.63,120,138,1.2,0,0,,,,,0,,0,0,56,8,21:38.16.8,1,05:49.1,00:21:38,,
Treadmill Running,2021,December,06/12/2021,19:17,Monday,1.01,52,00:04:33,4.55,142,162,1.2,162,170,04:32,04:01,,,1.37,,0,0,0,,00:01.35.1,2,04:32.6,04:33.0,,
Running,2021,November,30/11/2021,19:46,Tuesday,0.05,3,00:00:59,0.98,84,101,0,48,183,19:46,04:40,,,1.05,,0,0,0,,00:58.89.8,1,00:00:24,00:58.9,,
Pool Swimming,2021,November,29/11/2021,18:43,Monday,1.25,169,00:25:51,25.85,138,160,2.4,0,0,02:31,01:53,,,0,590,52,23,0,,25:51.34.7,1,00:25:51,00:27:14,,
Strength Training,2021,November,27/11/2021,21:24,Saturday,0,63,00:07:52,7.87,124,144,0.8,0,0,,,,,0,,0,0,50,9,07:52.5,1,04:07.2,07:52.5,,
Running,2021,November,27/11/2021,20:46,Saturday,5.51,364,00:24:51,24.85,157,188,4.2,163,181,04:30,03:48,83,85,1.36,,0,0,0,,02:10.11.5,6,00:24:49,00:24:51,341,381
Pool Swimming,2021,November,26/11/2021,07:17,Friday,1.25,202,00:41:01,41.02,125,169,2.4,0,0,01:57,00:42,,,0,509,43,24,0,,00:02.32.2,5,00:24:16,00:41:32,,
Strength Training,2021,November,23/11/2021,19:46,Tuesday,0,96,00:10:41,10.68,131,146,1.3,0,0,,,,,0,,0,0,77,10,10:41.16.3,1,05:01.8,00:10:41,,
Running,2021,November,23/11/2021,19:14,Tuesday,5.8,382,00:26:11,26.18,156,194,4.1,164,185,04:31,03:11,86,72,1.35,,0,0,0,,03:25.42.5,6,00:26:10,00:26:11,349,376
Pool Swimming,2021,November,22/11/2021,19:36,Monday,0.55,95,00:11:52,11.87,125,140,1,0,0,02:09,01:43,,,0,209,42,18,0,,11:51.50.8,1,00:11:52,00:13:37,,
Pool Swimming,2021,November,17/11/2021,20:43,Wednesday,1.11,187,00:24:05,24.08,137,165,2.2,0,0,01:58,00:48,,,0,401,39,20,0,,24:05.30.1,1,00:19:38,00:26:09,,
Running,2021,November,16/11/2021,20:45,Tuesday,5.65,364,00:30:07,30.12,145,176,3,158,168,05:20,04:03,75,75,1.19,,0,0,0,,03:16.5,6,00:30:05,00:30:07,352,375
Strength Training,2021,November,13/11/2021,18:56,Saturday,0,74,00:08:31,8.52,124,145,0.7,0,0,,,,,0,,0,0,73,3,08:31.15.3,1,06:34.9,08:31.2,,
Strength Training,2021,November,13/11/2021,18:40,Saturday,0,136,00:14:52,14.87,129,150,1.5,0,0,,,,,0,,0,0,15,4,14:52.47.3,1,09:10.5,00:14:55,,
Running,2021,November,13/11/2021,18:04,Saturday,4,276,00:21:21,21.35,157,184,3.1,160,172,05:20,04:13,59,61,1.17,,0,0,0,,00:01.0,5,00:21:19,00:21:21,354,377
Pool Swimming,2021,November,12/11/2021,10:19,Friday,1.25,202,00:23:56,23.93,143,168,2.4,0,0,01:45,00:46,,,0,371,35,21,0,,23:55.57.2,1,00:17:58,00:24:45,,
Treadmill Running,2021,November,12/11/2021,09:17,Friday,4.01,310,00:21:12,21.2,172,203,4,158,174,05:18,04:30,,,1.2,,0,0,0,,00:01.49.3,5,00:21:12,00:21:12,,
Pool Swimming,2021,November,09/11/2021,17:05,Tuesday,1.35,284,00:44:20,44.33,109,142,0.9,0,0,01:52,00:30,,,0,613,39,24,0,,44:19.85.5,1,00:25:13,00:44:36,,
Pool Swimming,2021,November,07/11/2021,19:20,Sunday,1.11,182,00:20:19,20.32,120,143,1.1,0,0,01:56,00:55,,,0,395,39,20,0,,00:16.61.5,2,00:19:17,00:24:45,,
Running,2021,November,06/11/2021,18:04,Saturday,3.44,224,00:19:06,19.1,141,167,2.5,162,172,05:33,04:42,54,40,1.11,,0,0,0,,02:14.24.4,4,00:19:05,00:19:06,350,376
Pool Swimming,2021,November,04/11/2021,20:09,Thursday,0.75,123,00:16:53,16.88,125,151,1.3,0,0,02:15,01:37,,,0,412,48,24,0,,16:53.36.4,1,00:16:53,00:17:18,,
Pool Swimming,2021,October,31/10/2021,20:08,Sunday,1.05,200,00:27:20,27.33,132,162,2.1,0,0,02:02,01:10,,,0,423,41,20,0,,27:20.17.7,1,00:21:25,00:28:37,,
Running,2021,October,29/10/2021,06:47,Friday,21.42,1484,01:39:04,99.07,182,208,5,164,182,04:38,03:41,316,320,1.32,,0,0,0,,01:40.09.9,22,01:38:57,01:39:04,727,817
Strength Training,2021,October,26/10/2021,20:59,Tuesday,0,34,00:04:43,4.72,115,135,0.3,0,0,,,,,0,,0,0,41,2,04:43.15.1,1,02:08.0,04:43.2,,
Strength Training,2021,October,26/10/2021,20:40,Tuesday,0,85,00:14:52,14.87,105,133,0.4,0,0,,,,,0,,0,0,18,5,14:52.48.9,1,06:28.9,00:14:52,,
Pool Swimming,2021,October,25/10/2021,20:38,Monday,0.5,80,00:12:01,12.02,146,164,2.1,0,0,02:24,02:01,,,0,276,50,23,0,,12:01.09.1,1,00:12:01,00:12:12,,
Treadmill Running,2021,October,25/10/2021,19:57,Monday,4.73,353,00:23:26,23.43,182,191,4,158,179,04:57,04:17,,,1.27,,0,0,0,,04:20.94.6,5,00:23:10,00:23:26,,
Indoor Running,2021,October,25/10/2021,19:52,Monday,0.87,45,00:04:12,4.2,137,156,0.9,167,189,04:48,03:56,,,1.25,,0,0,0,,04:11.57.8,1,00:04:11,04:11.6,,
Pool Swimming,2021,October,24/10/2021,19:38,Sunday,1,179,00:20:14,20.23,111,140,0.8,0,0,01:59,01:19,,,0,404,40,20,0,,20:13.83.8,1,00:19:49,00:21:25,,
Strength Training,2021,October,24/10/2021,19:23,Sunday,0,45,00:06:52,6.87,115,129,0.4,0,0,,,,,0,,0,0,26,6,06:51.77.7,1,03:16.9,06:51.8,,
Running,2021,October,22/10/2021,06:56,Friday,18.02,1230,01:26:51,86.85,175,195,5,164,179,04:49,04:06,183,250,1.26,,0,0,0,,00:04.97.1,19,01:26:43,01:29:07,668,821
Strength Training,2021,October,21/10/2021,21:30,Thursday,0,37,00:07:31,7.52,100,123,0.2,0,0,,,,,0,,0,0,23,4,07:31.43.4,1,03:05.1,07:31.4,,
Running,2021,October,20/10/2021,20:39,Wednesday,7,457,00:36:01,36.02,154,180,3.6,160,173,05:09,04:23,103,119,1.2,,0,0,0,,00:00.55.1,8,00:35:59,00:36:01,340,380
Strength Training,2021,October,19/10/2021,20:08,Tuesday,0,63,00:09:36,9.6,115,136,0.5,0,0,,,,,0,,0,0,37,7,09:36.11.6,1,03:49.4,09:36.1,,
Strength Training,2021,October,18/10/2021,18:06,Monday,0,74,00:09:22,9.37,122,138,0.7,0,0,,,,,0,,0,0,21,5,09:22.28.4,1,04:17.5,09:22.3,,
Running,2021,October,18/10/2021,17:30,Monday,4.67,294,00:25:10,25.17,141,174,3,159,175,05:23,04:25,62,52,1.17,,0,0,0,,03:27.97.5,5,00:25:08,00:25:10,352,375
Pool Swimming,2021,October,15/10/2021,15:57,Friday,1.025,187,00:26:00,26,120,145,1.4,0,0,02:16,01:24,,,0,464,45,20,0,,00:00.15.5,4,00:23:18,00:31:07,,
Running,2021,October,14/10/2021,19:23,Thursday,15,1034,01:16:00,76,172,198,5,163,177,05:04,04:08,197,190,1.21,,0,0,0,,00:24.6,16,01:15:52,01:16:00,310,376
Running,2021,October,12/10/2021,21:23,Tuesday,7.01,465,00:35:02,35.03,167,192,4.1,164,175,05:00,04:08,102,87,1.22,,0,0,0,,00:01.81.2,8,00:35:00,00:35:02,344,382
Running,2021,October,09/10/2021,19:47,Saturday,5.01,324,00:27:10,27.17,146,180,3.2,161,173,05:26,04:32,71,60,1.15,,0,0,0,,00:01.64.6,6,00:27:08,00:27:10,353,376
Strength Training,2021,October,08/10/2021,17:37,Friday,0,36,00:06:09,6.15,107,120,0.2,0,0,,,,,0,,0,0,64,3,06:08.7,1,03:10.8,06:08.7,,
Strength Training,2021,October,08/10/2021,17:14,Friday,0,126,00:21:55,21.92,109,142,0.8,0,0,,,,,0,,0,0,18,5,21:55.40.5,1,00:13:23,00:21:58,,
Pool Swimming,2021,October,08/10/2021,12:12,Friday,1.05,193,00:23:20,23.33,121,146,1.5,0,0,02:11,01:20,,,0,458,44,20,0,,23:19.53.4,1,00:22:24,00:24:03,,
Pool Swimming,2021,October,05/10/2021,07:57,Tuesday,1,177,00:21:26,21.43,122,147,1.4,0,0,02:09,01:31,,,0,442,43,21,0,,03:10.86.3,3,00:21:26,00:25:19,,
Running,2021,October,04/10/2021,19:50,Monday,4.01,237,00:16:22,16.37,174,200,3.8,165,187,04:05,03:36,61,58,1.49,,0,0,0,,00:01.30.9,5,00:16:19,00:16:22,358,376
Pool Swimming,2021,October,01/10/2021,10:58,Friday,1.025,177,00:22:46,22.77,123,148,1.5,0,0,02:13,01:27,,,0,497,45,22,0,,11:00.43.7,2,00:22:46,00:24:49,,
Running,2021,September,29/09/2021,20:58,Wednesday,6,368,00:27:27,27.45,167,193,4,165,181,04:34,03:57,65,67,1.33,,0,0,0,,00:00.93.9,7,00:27:23,00:27:27,350,375
Pool Swimming,2021,September,28/09/2021,09:47,Tuesday,1,221,00:24:32,24.53,123,148,2,0,0,02:16,00:58,,,0,519,47,23,0,,24:32.44.3,1,00:22:36,00:24:42,,
Running,2021,September,25/09/2021,20:24,Saturday,12.02,792,00:59:04,59.07,169,193,5,165,178,04:55,04:07,167,170,1.23,,0,0,0,,00:04.70.6,13,00:59:02,00:59:08,330,382
Pool Swimming,2021,September,24/09/2021,08:40,Friday,0.5,90,00:09:43,9.72,135,150,1.8,0,0,01:57,01:31,,,0,206,39,21,0,,09:42.57.2,1,09:42.6,00:11:24,,
Treadmill Running,2021,September,24/09/2021,07:43,Friday,5.06,345,00:25:46,25.77,169,186,4,158,177,05:06,04:33,,,1.23,,0,0,0,,01:37.56.8,6,00:25:40,00:25:46,,
Pool Swimming,2021,September,23/09/2021,07:59,Thursday,1.5,260,00:36:49,36.82,132,153,2.4,0,0,02:20,01:17,,,0,734,47,21,0,,36:49.25.8,1,00:35:05,00:37:05,,
Strength Training,2021,September,22/09/2021,19:17,Wednesday,0,63,00:10:00,10,109,123,0.4,0,0,,,,,0,,0,0,10,2,09:59.72.1,1,09:56.7,09:59.7,,
Strength Training,2021,September,22/09/2021,19:02,Wednesday,0,69,00:10:08,10.13,117,137,0.6,0,0,,,,,0,,0,0,49,6,10:07.65.4,1,07:25.5,00:10:08,,
Strength Training,2021,September,22/09/2021,18:44,Wednesday,0,76,00:12:22,12.37,114,139,0.7,0,0,,,,,0,,0,0,74,11,12:22.47.6,1,05:00.2,00:12:22,,
Strength Training,2021,September,21/09/2021,21:05,Tuesday,0,56,00:07:09,7.15,121,148,0.6,0,0,,,,,0,,0,0,38,3,07:09.22.8,1,03:07.1,07:09.2,,
Strength Training,2021,September,21/09/2021,20:58,Tuesday,0,59,00:06:00,6,139,164,1.4,0,0,,,,,0,,0,0,34,7,06:00.10.8,1,02:08.3,06:00.1,,
Running,2021,September,21/09/2021,19:58,Tuesday,8.72,604,00:44:07,44.12,173,201,5,160,170,05:04,04:19,121,107,1.23,,0,0,0,,03:28.79.6,9,00:00:00,00:44:14,334,381
Running,2021,September,18/09/2021,20:05,Saturday,4.01,267,00:23:24,23.4,145,179,3,158,170,05:50,04:54,34,42,1.09,,0,0,0,,00:03.64.8,5,00:00:00,00:23:24,355,374
Pool Swimming,2021,September,10/09/2021,16:49,Friday,1.025,203,00:21:53,21.88,125,153,1.7,0,0,01:59,00:49,,,0,422,40,21,0,,04:29.59.7,3,00:00:00,00:27:58,,
Running,2021,September,04/09/2021,21:11,Saturday,10.01,688,00:54:30,54.5,161,186,4.4,162,173,05:27,04:32,149,158,1.13,,0,0,0,,00:01.41.9,11,00:00:00,00:54:30,310,376
Strength Training,2021,September,02/09/2021,20:10,Thursday,0,108,00:10:18,10.3,142,166,2,0,0,,,,,0,,0,0,37,8,10:18.01.3,1,04:50.8,00:10:18,,
Running,2021,September,02/09/2021,19:53,Thursday,2.01,124,00:10:33,10.55,143,162,2.3,161,168,05:15,04:25,32,16,1.18,,0,0,0,,00:01.70.5,3,00:00:00,00:10:33,347,371
Pool Swimming,2021,September,01/09/2021,18:36,Wednesday,1.11,191,00:29:47,29.78,128,172,2.2,0,0,01:58,00:51,,,0,437,41,22,0,,29:46.59.2,1,00:00:00,00:29:59,,
Running,2021,August,28/08/2021,20:33,Saturday,6.03,413,00:33:54,33.9,156,176,3.6,157,166,05:37,04:45,54,51,1.13,,0,0,0,,00:02.72.3,8,00:00:00,00:36:15,708,767
Running,2021,August,26/08/2021,19:51,Thursday,4.15,246,00:19:39,19.65,156,187,3.3,161,173,04:44,04:10,71,61,1.31,,0,0,0,,00:39.48.3,5,00:00:00,00:19:55,351,377
Pool Swimming,2021,August,23/08/2021,11:11,Monday,1.25,198,00:26:16,26.27,141,178,2.5,0,0,02:01,00:53,,,0,462,42,22,0,,00:57.0,6,00:00:00,00:31:45,,
Running,2021,August,22/08/2021,20:39,Sunday,8.02,511,00:36:42,36.7,176,196,5,161,175,04:35,03:18,,,1.36,,0,0,0,,00:11.0,9,00:00:00,00:36:42,,
Running,2021,August,21/08/2021,20:37,Saturday,2,117,00:09:28,9.47,158,173,2.4,160,173,04:44,04:04,,,1.32,,0,0,0,,04:39.9,2,00:00:00,09:27.8,,
Pool Swimming,2021,August,20/08/2021,17:07,Friday,1.2,244,00:27:28,27.47,127,161,2.1,0,0,02:02,00:48,,,0,533,42,22,0,,03:45.38.9,4,00:00:00,00:36:35,,
Running,2021,August,17/08/2021,20:31,Tuesday,6.01,391,00:28:13,28.22,174,194,4.4,160,181,04:42,03:57,82,95,1.33,,0,0,0,,00:01.87.1,7,00:00:00,00:28:13,344,376
Pool Swimming,2021,August,16/08/2021,20:00,Monday,0.75,127,00:18:08,18.13,119,146,1.2,0,0,01:59,00:54,,,0,317,41,22,0,,00:40.59.8,5,00:00:00,00:25:30,,
Strength Training,2021,August,16/08/2021,19:31,Monday,0,114,00:16:20,16.33,120,143,1.2,0,0,,,,,0,,0,0,54,12,16:20.28.5,1,08:26.5,00:17:23,,
Running,2021,August,14/08/2021,20:34,Saturday,5.01,356,00:26:47,26.78,170,197,4,157,177,05:21,04:09,81,76,1.19,,0,0,0,,00:01.87.9,6,00:00:00,00:26:47,345,376
Pool Swimming,2021,August,13/08/2021,16:49,Friday,1.025,219,00:21:46,21.77,142,166,2.5,0,0,02:01,01:01,,,0,453,41,22,0,,08:43.9,2,00:00:00,00:26:05,,
Strength Training,2021,August,13/08/2021,16:24,Friday,0,109,00:15:50,15.83,118,138,1,0,0,,,,,0,,0,0,52,11,15:49.92.2,1,00:10:51,00:15:50,,
Pool Swimming,2021,August,11/08/2021,20:44,Wednesday,0.975,151,00:24:03,24.05,119,147,1.6,0,0,02:05,01:03,,,0,365,42,21,0,,00:07.18.4,7,00:00:00,00:27:34,,
Strength Training,2021,August,11/08/2021,20:15,Wednesday,0,121,00:24:24,24.4,105,122,0.6,0,0,,,,,0,,0,0,47,9,24:24.33.3,1,07:31.8,00:24:24,,
Running,2021,August,08/08/2021,22:11,Sunday,2.17,137,00:11:13,11.22,150,176,2.6,159,172,05:10,04:28,24,14,1.22,,0,0,0,,00:53.82.7,3,00:11:12,00:11:13,351,370
Pool Swimming,2021,August,04/08/2021,21:07,Wednesday,1,178,00:23:51,23.85,119,143,1.3,0,0,02:23,01:07,,,0,571,50,24,0,,00:32.66.2,3,00:23:51,00:24:56,,
Strength Training,2021,August,03/08/2021,21:48,Tuesday,0,53,00:06:33,6.55,127,150,0.9,0,0,,,,,0,,0,0,17,5,06:32.60.4,1,03:37.6,06:55.9,,
Running,2021,August,03/08/2021,21:30,Tuesday,3.46,229,00:17:08,17.13,169,187,3.3,160,170,04:57,04:20,56,43,1.26,,0,0,0,,02:09.03.1,4,00:17:07,00:17:08,354,375
Pool Swimming,2021,July,30/07/2021,09:42,Friday,0.5,83,00:11:29,11.48,152,167,2.3,0,0,02:18,01:52,,,0,289,49,25,0,,11:28.65.3,1,00:11:29,00:11:40,,
Running,2021,July,29/07/2021,20:38,Thursday,5.56,370,00:24:46,24.77,180,201,4.9,161,175,04:27,03:39,36,34,1.39,,0,0,0,,02:35.1,6,00:24:45,00:24:55,34,65
Strength Training,2021,July,28/07/2021,20:21,Wednesday,0,159,00:27:08,27.13,113,140,1.1,0,0,,,,,0,,0,0,76,14,27:08.32.6,1,00:13:15,00:27:08,,
Strength Training,2021,July,23/07/2021,19:20,Friday,0,14,00:03:08,3.13,101,128,0.1,0,0,,,,,0,,0,0,10,2,03:07.67.1,1,02:04.4,03:07.7,,
Strength Training,2021,July,23/07/2021,19:01,Friday,0,33,00:09:46,9.77,89,115,0.1,0,0,,,,,0,,0,0,14,6,09:45.87.5,1,03:31.7,09:45.9,,
Running,2021,July,21/07/2021,20:47,Wednesday,3.4,208,00:14:47,14.78,173,197,3.3,160,175,04:21,03:25,43,38,1.43,,0,0,0,,01:39.67.7,4,00:14:45,00:14:54,354,376
Strength Training,2021,July,17/07/2021,21:50,Saturday,0,25,00:06:17,6.28,94,119,0.1,0,0,,,,,0,,0,0,14,3,06:16.72.9,1,03:46.4,06:16.7,,
Cardio,2021,July,17/07/2021,21:26,Saturday,0,8,00:06:50,6.83,61,71,0,0,0,,,,,0,,0,0,0,,00:11.27.2,6,00:00:00,06:49.8,,
Strength Training,2021,July,17/07/2021,20:54,Saturday,0,3,00:04:27,4.45,61,73,0,0,0,,,,,0,,0,0,,3,04:26.93.2,1,03:00.6,04:26.9,,
Strength Training,2021,July,17/07/2021,20:47,Saturday,0,4,00:02:56,2.93,65,77,0,0,0,,,,,0,,0,0,,2,02:56.12.6,1,01:45.4,02:56.1,,
Strength Training,2021,July,16/07/2021,18:46,Friday,0,391,00:38:26,38.43,142,187,2.9,0,0,,,,,0,,0,0,47,10,38:25.62.8,1,00:19:39,00:38:41,,
Pool Swimming,2021,July,16/07/2021,17:11,Friday,1,166,00:26:46,26.77,123,145,1.5,0,0,02:41,02:00,,,0,613,55,23,0,,09:12.06.2,2,00:26:46,00:28:20,,
Strength Training,2021,July,13/07/2021,20:17,Tuesday,0,76,00:09:38,9.63,124,155,0.8,0,0,,,,,0,,0,0,25,5,09:38.04.8,1,04:19.0,09:38.0,,
Running,2021,July,13/07/2021,19:52,Tuesday,3.25,208,00:17:14,17.23,149,176,2.8,157,166,05:18,04:48,56,53,1.2,,0,0,0,,01:14.52.6,4,00:17:13,00:17:14,355,376
Strength Training,2021,July,11/07/2021,19:13,Sunday,0,132,00:16:17,16.28,126,154,1.4,0,0,,,,,0,,0,0,37,9,16:17.11.9,1,08:45.4,00:16:17,,
Running,2021,July,10/07/2021,18:55,Saturday,7.75,550,00:46:19,46.32,157,181,3.6,151,166,05:59,04:58,63,73,1.11,,0,0,0,,04:23.47.1,8,00:44:33,00:46:19,685,752
Running,2021,July,09/07/2021,20:33,Friday,0.77,52,00:04:20,4.33,150,179,1.4,157,172,05:37,04:36,19,,1.13,,0,0,0,,04:19.83.4,1,04:19.8,04:19.8,726,746
Strength Training,2021,July,09/07/2021,20:24,Friday,0,100,00:09:17,9.28,146,160,2,0,0,,,,,0,,0,0,33,6,09:16.67.7,1,03:09.4,09:16.7,,
Running,2021,July,09/07/2021,20:05,Friday,3.59,233,00:18:10,18.17,165,192,3.1,159,168,05:04,04:16,18,34,1.24,,0,0,0,,03:04.89.7,4,00:18:09,00:18:10,730,757
Pool Swimming,2021,July,08/07/2021,21:12,Thursday,0.6,112,00:15:44,15.73,120,140,0.9,0,0,02:12,00:48,,,0,315,46,24,0,,15:43.50.4,1,00:13:14,00:15:48,,
Strength Training,2021,July,08/07/2021,21:00,Thursday,0,48,00:07:43,7.72,113,132,0.3,0,0,,,,,0,,0,0,25,4,07:43.39.3,1,05:28.5,07:43.4,,
Strength Training,2021,July,06/07/2021,21:52,Tuesday,0,25,00:04:24,4.4,109,132,0.1,0,0,,,,,0,,0,0,41,3,04:24.25.4,1,03:14.7,04:24.3,,
Strength Training,2021,July,06/07/2021,21:34,Tuesday,0,122,00:18:00,18,117,140,0.8,0,0,,,,,0,,0,0,34,8,17:59.73.5,1,07:38.9,00:18:00,,
Running,2021,July,06/07/2021,21:07,Tuesday,3.26,207,00:18:11,18.18,140,160,2.5,157,166,05:35,05:00,48,41,1.14,,0,0,0,,01:27.37.1,4,00:18:08,00:18:11,353,376
Strength Training,2021,July,03/07/2021,22:07,Saturday,0,53,00:05:18,5.3,136,152,1.1,0,0,,,,,0,,0,0,33,3,05:18.25.9,1,03:20.1,05:18.3,,
Strength Training,2021,July,03/07/2021,21:58,Saturday,0,101,00:08:48,8.8,151,165,2.2,0,0,,,,,0,,0,0,16,4,08:48.08.5,1,04:12.0,08:48.1,,
Running,2021,July,03/07/2021,21:14,Saturday,6.8,449,00:32:44,32.73,176,193,4.9,162,179,04:49,03:27,103,100,1.28,,0,0,0,,00:39.10.9,9,00:32:41,00:37:30,341,380
Running,2021,July,01/07/2021,21:04,Thursday,5.63,371,00:24:35,24.58,184,205,5,159,200,04:22,02:41,73,78,1.44,,0,0,0,,02:36.26.6,6,00:24:29,00:24:35,350,375
Pool Swimming,2021,June,30/06/2021,20:00,Wednesday,0.55,104,00:12:08,12.13,128,154,1.5,0,0,02:12,00:58,,,0,301,47,25,0,,12:07.98.6,1,00:12:08,00:12:39,,
Running,2021,June,25/06/2021,18:34,Friday,3.88,267,00:17:56,17.93,0,0,,159,218,04:38,03:42,205,201,1.36,,0,0,0,,04:12.0,4,00:17:55,00:17:56,359,422
Pool Swimming,2021,June,18/06/2021,14:38,Friday,1.225,247,00:36:06,36.1,0,0,,0,0,02:09,00:51,,,0,550,44,21,0,,36:05.72.7,1,00:26:22,00:36:18,,
Running,2021,June,17/06/2021,21:24,Thursday,2.68,182,00:12:49,12.82,0,0,,163,178,04:47,03:56,117,108,1.28,,0,0,0,,03:21.53.9,3,00:12:49,00:12:49,352,412
Running,2021,June,10/06/2021,20:28,Thursday,3.45,232,00:17:25,17.42,0,0,,155,166,05:03,02:19,137,111,1.28,,0,0,0,,01:49.30.8,4,00:17:24,00:17:25,358,396
Pool Swimming,2021,June,09/06/2021,20:28,Wednesday,0.525,99,00:12:59,12.98,0,0,,0,0,01:59,00:45,,,0,228,41,22,0,,12:59.13.3,1,00:10:24,00:16:06,,
Running,2021,June,08/06/2021,20:23,Tuesday,5.61,384,00:28:53,28.88,0,0,,159,169,05:09,04:05,146,143,1.22,,0,0,0,,02:51.19.2,6,00:28:50,00:30:28,366,395
Running,2021,May,31/05/2021,19:09,Monday,5.54,377,00:28:40,28.67,0,0,,158,169,05:11,04:22,176,173,1.22,,0,0,0,,02:38.3,6,00:28:38,00:29:14,357,388
Running,2021,May,28/05/2021,07:06,Friday,10.03,685,00:43:01,43.02,0,0,,162,175,04:17,02:45,265,269,1.44,,0,0,0,,00:05.54.6,11,00:42:55,00:43:01,536,576
Pool Swimming,2021,May,27/05/2021,19:02,Thursday,0.5,109,00:14:51,14.85,0,0,,0,0,02:28,00:56,,,0,325,51,22,0,,14:50.91.9,1,00:14:51,00:14:56,,
Running,2021,May,25/05/2021,20:03,Tuesday,5.01,342,00:22:17,22.28,0,0,,160,174,04:27,03:58,150,167,1.41,,0,0,0,,00:01.65.7,6,00:22:16,00:26:42,353,397
Running,2021,May,22/05/2021,20:36,Saturday,3.56,245,00:17:17,17.28,0,0,,163,209,04:51,03:57,139,129,1.27,,0,0,0,,02:40.15.6,4,00:17:17,00:17:17,351,394
Running,2021,May,19/05/2021,20:37,Wednesday,5.57,381,00:26:39,26.65,0,0,,159,169,04:47,04:14,168,166,1.32,,0,0,0,,02:35.80.4,6,00:26:38,00:26:53,363,389
Running,2021,May,13/05/2021,18:50,Thursday,5.01,341,00:21:09,21.15,0,0,,161,178,04:13,03:33,156,163,1.47,,0,0,0,,00:03.07.5,6,00:21:07,00:21:13,334,372
Running,2021,May,10/05/2021,18:39,Monday,7.62,520,00:34:02,34.03,0,0,,161,178,04:28,03:28,292,257,1.39,,0,0,0,,02:44.17.1,8,00:33:59,00:39:47,335,391
Running,2021,May,08/05/2021,20:58,Saturday,3.46,236,00:15:47,15.78,0,0,,161,174,04:34,04:05,109,114,1.36,,0,0,0,,01:58.86.3,4,00:15:45,00:15:47,366,390
Running,2021,May,07/05/2021,18:12,Friday,4.44,302,00:20:52,20.87,0,0,,158,175,04:42,02:21,114,119,1.34,,0,0,0,,01:52.66.4,5,00:20:50,00:21:13,346,383
Pool Swimming,2021,May,06/05/2021,18:55,Thursday,0.8,149,00:19:33,19.55,0,0,,0,0,02:19,00:51,,,0,415,48,22,0,,09:39.5,2,00:18:33,00:26:01,,
Running,2021,May,04/05/2021,21:25,Tuesday,2.78,189,00:11:59,11.98,0,0,,165,184,04:19,03:09,110,104,1.41,,0,0,0,,03:22.37.6,3,00:11:59,00:11:59,361,389
Running,2021,May,02/05/2021,18:56,Sunday,6.36,434,00:28:54,28.9,0,0,,161,176,04:33,03:28,251,239,1.36,,0,0,0,,01:35.17.8,7,00:28:53,00:29:01,356,394
Running,2021,April,27/04/2021,21:03,Tuesday,6.14,415,00:31:44,31.73,0,0,,160,181,05:10,02:08,240,219,1.21,,0,0,0,,00:25.86.1,7,00:31:42,00:31:44,357,391
Pool Swimming,2021,April,26/04/2021,20:13,Monday,0.525,91,00:16:50,16.83,0,0,,0,0,02:23,01:10,,,0,292,50,23,0,,16:49.56.7,1,00:12:31,00:16:58,,
Running,2021,April,25/04/2021,19:43,Sunday,4.03,275,00:24:02,24.03,0,0,,158,167,05:58,04:43,165,168,1.06,,0,0,0,,00:10.68.7,5,00:24:01,00:24:02,358,398
Pool Swimming,2021,April,23/04/2021,12:19,Friday,1.025,176,00:25:46,25.77,0,0,,0,0,02:23,00:53,,,0,577,49,23,0,,10:45.60.1,2,00:25:00,00:27:32,,
Running,2021,April,22/04/2021,19:27,Thursday,5.01,341,00:23:45,23.75,0,0,,164,178,04:44,03:47,168,155,1.29,,0,0,0,,00:02.22.4,6,00:23:45,00:24:33,360,412
Running,2021,April,20/04/2021,20:49,Tuesday,4.49,307,00:22:22,22.37,0,0,,163,174,04:59,04:12,164,169,1.23,,0,0,0,,02:30.5,5,00:22:21,00:22:22,351,386
Running,2021,April,17/04/2021,20:28,Saturday,3.42,235,00:19:55,19.92,0,0,,160,169,05:49,05:02,92,71,1.08,,0,0,0,,02:33.6,4,00:19:54,00:19:55,136,187
Pool Swimming,2021,April,16/04/2021,08:32,Friday,0.575,105,00:12:35,12.58,0,0,,0,0,02:10,00:54,,,0,296,45,24,0,,12:35.44.7,1,00:12:25,00:19:20,,
Running,2021,April,15/04/2021,19:18,Thursday,4.51,308,00:25:12,25.2,0,0,,161,173,05:35,04:47,184,192,1.11,,0,0,0,,02:35.25.7,5,00:25:10,00:25:12,352,393
Pool Swimming,2021,April,09/04/2021,17:25,Friday,0.55,105,00:13:06,13.1,0,0,,0,0,02:23,00:50,,,0,292,49,22,0,,13:05.66.4,1,00:13:06,00:14:50,,
Running,2021,April,09/04/2021,15:56,Friday,3.33,228,00:16:06,16.1,0,0,,163,177,04:50,04:23,131,129,1.27,,0,0,0,,01:32.29.9,4,00:16:06,00:16:06,359,410
Running,2021,March,28/03/2021,20:13,Sunday,5.47,373,00:28:31,28.52,0,0,,159,171,05:13,04:02,164,168,1.21,,0,0,0,,02:13.28.9,6,00:28:30,00:29:04,361,387
Pool Swimming,2021,March,26/03/2021,16:05,Friday,0.625,122,00:12:59,12.98,0,0,,0,0,01:58,00:49,,,0,277,41,23,0,,12:59.19.7,1,00:12:18,00:13:20,,
Running,2021,March,21/03/2021,19:15,Sunday,3.14,216,00:17:22,17.37,0,0,,157,167,05:32,04:50,146,136,1.15,,0,0,0,,01:01.46.9,4,00:17:22,00:17:22,354,395
Running,2021,March,10/03/2021,08:31,Wednesday,2,133,00:07:36,7.6,0,0,,164,188,03:49,02:44,85,98,1.6,,0,0,0,,03:38.17.1,2,07:36.2,07:36.5,254,299
Pool Swimming,2021,March,05/03/2021,15:59,Friday,1,208,00:21:38,21.63,0,0,,0,0,02:00,00:50,,,0,461,42,23,0,,21:37.70.7,1,00:20:02,00:21:47,,
Running,2021,March,03/03/2021,19:27,Wednesday,2.01,134,00:07:42,7.7,0,0,,168,184,03:50,03:21,54,64,1.55,,0,0,0,,00:01.73.3,3,07:40.3,07:41.7,362,384
Running,2021,February,27/02/2021,19:17,Saturday,5.55,378,00:28:25,28.42,0,0,,162,173,05:07,04:35,192,187,1.21,,0,0,0,,02:44.80.5,6,00:28:24,00:28:30,353,382
Running,2021,February,20/02/2021,18:53,Saturday,5.53,380,00:27:49,27.82,0,0,,163,173,05:02,04:32,178,156,1.22,,0,0,0,,02:38.90.4,6,00:27:47,00:27:49,352,389
Running,2021,February,19/02/2021,16:18,Friday,5.94,397,00:32:39,32.65,0,0,,160,173,05:30,04:50,,,1.14,,0,0,0,,05:12.3,6,00:32:38,00:33:21,363,363
Running,2021,February,13/02/2021,19:08,Saturday,4.81,326,00:25:17,25.28,0,0,,166,188,05:16,03:34,255,254,1.14,,0,0,0,,03:34.65.8,5,00:25:16,00:25:17,335,392
Cycling,2021,February,11/02/2021,12:02,Thursday,10.86,372,00:55:39,55.65,0,0,,0,0,11.7,33.4,193,213,0,,0,0,0,,08:11.16.4,3,00:46:25,00:55:41,20,87
Cycling,2021,February,11/02/2021,10:41,Thursday,9.76,352,00:52:12,52.2,0,0,,0,0,11.2,30.7,224,240,0,,0,0,0,,24:43.33.3,2,00:45:29,00:52:12,36,94
Running,2021,February,06/02/2021,19:05,Saturday,5.25,351,00:28:53,28.88,0,0,,161,238,05:30,04:18,545,549,1.13,,0,0,0,,01:56.02.4,6,00:28:52,00:28:53,186,482
Running,2021,February,05/02/2021,15:36,Friday,4.63,315,00:20:45,20.75,0,0,,165,176,04:29,03:36,279,230,1.35,,0,0,0,,02:38.70.8,5,00:20:44,00:20:45,330,387
Running,2021,February,03/02/2021,20:02,Wednesday,3.01,204,00:16:47,16.78,0,0,,160,181,05:34,04:24,163,119,1.12,,0,0,0,,00:03.04.2,4,00:16:46,00:16:47,330,381
Cycling,2021,February,02/02/2021,10:08,Tuesday,13.1,412,00:31:19,31.32,0,0,,0,0,25.1,63.5,148,304,0,,0,0,0,,07:12.91.1,3,00:31:08,00:31:19,306,515
Cycling,2021,February,02/02/2021,08:51,Tuesday,12.51,478,00:45:50,45.83,0,0,,0,0,16.4,54.4,317,171,0,,0,0,0,,12:21.37.5,3,00:44:39,00:45:50,300,516
Running,2021,January,30/01/2021,18:54,Saturday,4.64,316,00:27:19,27.32,0,0,,158,168,05:53,04:32,180,192,1.08,,0,0,0,,03:50.55.4,5,00:27:17,00:27:19,355,395
Running,2021,January,27/01/2021,16:18,Wednesday,5.01,343,00:25:12,25.2,0,0,,161,173,05:02,04:10,277,268,1.24,,0,0,0,,00:02.85.9,6,00:25:03,00:25:55,350,425
Running,2021,January,25/01/2021,18:54,Monday,3.84,262,00:17:29,17.48,0,0,,165,180,04:33,03:37,155,157,1.33,,0,0,0,,03:45.21.6,4,00:17:28,00:17:29,339,410
Running,2021,January,23/01/2021,18:23,Saturday,4.25,292,00:22:45,22.75,0,0,,163,175,05:21,04:33,"1,206",440,1.15,,0,0,0,,01:11.25.4,5,00:22:43,00:22:45,-376,391
Running,2021,January,16/01/2021,18:21,Saturday,3.01,203,00:11:38,11.63,0,0,,167,182,03:52,03:17,102,116,1.55,,0,0,0,,00:02.24.3,4,00:11:36,00:11:38,355,402
Running,2021,January,16/01/2021,03:49,Saturday,0.3,19,00:01:32,1.53,0,0,,7,121,05:03,04:25,7,8,30.41,,0,0,0,,01:31.82.2,1,00:01:26,01:31.8,366,373
Running,2021,January,15/01/2021,15:40,Friday,2.92,196,00:13:42,13.7,0,0,,164,174,04:42,04:09,280,267,1.3,,0,0,0,,04:26.66.6,3,00:13:42,00:13:46,262,430
Running,2021,January,12/01/2021,17:09,Tuesday,3.01,205,00:12:37,12.62,0,0,,169,192,04:11,02:57,79,133,1.41,,0,0,0,,00:02.22.1,4,00:12:36,00:12:46,359,438
Running,2021,January,09/01/2021,18:34,Saturday,5.01,342,00:23:01,23.02,0,0,,168,184,04:35,03:56,247,174,1.3,,0,0,0,,00:02.25.3,6,00:23:01,00:23:11,276,394
Running,2021,January,06/01/2021,16:51,Wednesday,7.4,508,00:34:43,34.72,0,0,,164,176,04:42,03:59,275,314,1.3,,0,0,0,,01:45.38.5,8,00:34:41,00:34:43,339,394
Running,2021,January,02/01/2021,18:26,Saturday,3.82,261,00:21:55,21.92,0,0,,160,169,05:44,04:01,238,239,1.09,,0,0,0,,04:23.2,4,00:21:54,00:21:55,349,388
Running,2021,January,01/01/2021,15:43,Friday,5.01,337,00:20:46,20.77,0,0,,169,188,04:09,02:46,239,197,1.43,,0,0,0,,00:01.43.5,6,00:20:43,00:21:20,354,399
Running,2020,December,30/12/2020,20:33,Wednesday,5.65,390,00:25:57,25.95,0,0,,168,178,04:35,04:05,213,240,1.3,,0,0,0,,02:49.17.7,6,00:25:57,00:25:57,326,383
Running,2020,December,28/12/2020,20:47,Monday,4.19,274,00:21:05,21.08,0,0,,162,182,05:02,04:24,292,279,1.23,,0,0,0,,00:52.90.9,5,00:21:02,00:21:05,323,440
Running,2020,December,22/12/2020,21:03,Tuesday,4.01,276,00:24:33,24.55,0,0,,160,171,06:08,04:50,230,213,1.02,,0,0,0,,00:02.2,5,00:24:31,00:24:33,348,395
Running,2020,December,19/12/2020,18:37,Saturday,5.75,394,00:35:05,35.08,0,0,,159,167,06:06,04:43,331,314,1.03,,0,0,0,,04:33.07.9,6,00:35:04,00:35:05,330,396
Running,2020,December,16/12/2020,19:22,Wednesday,7.01,477,00:33:19,33.32,0,0,,165,181,04:45,03:34,472,473,1.28,,0,0,0,,00:03.06.5,8,00:33:06,00:33:19,20,98
Running,2020,December,15/12/2020,23:25,Tuesday,0,,00:00:03,0.05,0,0,,,,,,,,0,,0,0,0,,00:03.01.2,1,00:00:00,00:03.0,,
Running,2020,December,05/12/2020,18:31,Saturday,0.34,19,00:01:43,1.72,0,0,,159,167,05:04,05:09,26,14,1.24,,0,0,0,,01:43.42.7,1,00:01:43,01:43.4,347,375
Running,2020,December,02/12/2020,18:21,Wednesday,3.89,241,00:29:36,29.6,0,0,,135,218,07:36,04:48,111,119,0.95,,0,0,0,,05:38.63.8,4,00:29:36,00:29:36,365,383
Running,2020,November,26/11/2020,20:37,Thursday,4.17,286,00:20:21,20.35,0,0,,165,176,04:53,04:22,168,173,1.24,,0,0,0,,00:50.93.7,5,00:20:20,00:20:25,361,406
Running,2020,November,24/11/2020,18:45,Tuesday,7.2,490,00:36:03,36.05,0,0,,163,175,05:01,02:16,361,282,1.23,,0,0,0,,00:41.18.9,8,00:36:00,00:51:11,316,428
Running,2020,November,20/11/2020,14:36,Friday,7.9,530,00:43:07,43.12,0,0,,160,173,05:27,04:37,456,447,1.14,,0,0,0,,04:32.96.7,8,00:43:06,00:45:43,686,781
Running,2020,November,18/11/2020,18:06,Wednesday,4.82,331,00:22:53,22.88,0,0,,162,174,04:44,03:54,205,195,1.3,,0,0,0,,03:39.11.5,5,00:22:52,00:22:53,360,397
Running,2020,November,08/11/2020,08:12,Sunday,4.22,289,00:22:03,22.05,0,0,,163,175,05:13,04:31,144,143,1.18,,0,0,0,,01:14.59.2,5,00:22:02,00:22:03,317,363
Running,2020,November,04/11/2020,08:41,Wednesday,4.66,317,00:23:10,23.17,0,0,,165,180,04:59,04:24,188,223,1.22,,0,0,0,,03:23.62.1,5,00:23:08,00:23:10,318,402
Running,2020,November,01/11/2020,05:32,Sunday,4.5,305,00:23:40,23.67,0,0,,163,180,05:15,04:18,213,191,1.17,,0,0,0,,02:33.8,5,00:23:40,00:23:40,329,392
Running,2020,October,26/10/2020,07:23,Monday,6.51,425,00:30:14,30.23,0,0,,179,190,04:38,03:44,362,379,1.2,,0,0,0,,02:20.00.1,7,00:30:11,00:30:29,24,82
Running,2020,October,24/10/2020,21:35,Saturday,4.01,271,00:18:05,18.08,0,0,,164,205,04:31,03:36,440,484,1.35,,0,0,0,,00:01.76.8,5,00:17:49,00:20:29,326,455
Cycling,2020,October,23/10/2020,07:17,Friday,44.96,1181,02:17:03,137.05,0,0,,0,0,19.7,52.1,294,710,0,,0,0,0,,01:54.78.5,10,02:14:12,02:29:27,-5,409
Running,2020,October,20/10/2020,19:19,Tuesday,3.57,246,00:22:14,22.23,0,0,,159,174,06:14,03:56,145,143,1.01,,0,0,0,,03:40.87.1,4,00:22:12,00:22:14,357,384
Running,2020,October,18/10/2020,18:16,Sunday,4.44,300,00:20:23,20.38,0,0,,163,176,04:36,03:38,178,188,1.33,,0,0,0,,02:00.67.4,5,00:20:22,00:20:23,319,374
Running,2020,October,12/10/2020,20:21,Monday,1.01,60,00:04:45,4.75,0,0,,163,171,04:42,04:35,56,208,1.31,,0,0,0,,00:03.11.2,2,04:44.8,04:44.9,357,560
Running,2020,October,10/10/2020,19:41,Saturday,3.09,209,00:15:27,15.45,0,0,,160,169,05:00,02:03,131,126,1.25,,0,0,0,,00:17.07.6,4,00:15:27,00:15:27,356,410
Cycling,2020,October,09/10/2020,07:59,Friday,10,504,00:58:22,58.37,0,0,,0,0,10.3,34.4,486,538,0,,0,0,0,,00:02.45.1,3,00:49:54,01:22:38,259,422
Cycling,2020,October,06/10/2020,07:54,Tuesday,15.85,618,02:59:37,179.62,0,0,,0,0,5.3,42.2,431,494,0,,0,0,0,,09:29.17.9,4,02:34:20,03:16:37,269,421
Running,2020,October,03/10/2020,19:29,Saturday,4.98,340,00:29:51,29.85,0,0,,155,174,05:59,04:36,171,172,1.08,,0,0,0,,05:31.95.4,5,00:29:50,00:30:02,350,388
Running,2020,September,29/09/2020,20:25,Tuesday,3.46,234,00:20:32,20.53,0,0,,157,171,05:56,04:50,411,189,1.07,,0,0,0,,02:50.51.1,4,00:20:32,00:20:32,126,395
Running,2020,September,26/09/2020,19:45,Saturday,3.42,236,00:16:11,16.18,0,0,,163,174,04:44,04:04,75,89,1.3,,0,0,0,,01:49.29.1,4,00:16:11,00:16:11,351,381
Running,2020,September,23/09/2020,20:53,Wednesday,4.27,293,00:20:01,20.02,0,0,,162,228,04:41,03:58,193,175,1.32,,0,0,0,,01:08.20.7,5,00:20:01,00:20:10,334,388
Running,2020,September,20/09/2020,20:26,Sunday,5.43,369,00:27:19,27.32,0,0,,160,169,05:02,04:17,428,200,1.24,,0,0,0,,02:03.73.9,6,00:27:17,00:27:41,140,390
Running,2020,September,18/09/2020,09:00,Friday,2.65,170,00:19:12,19.2,0,0,,149,220,07:15,04:12,398,276,0.93,,0,0,0,,04:24.10.8,3,00:19:10,00:19:12,-156,24
Running,2020,September,15/09/2020,19:26,Tuesday,4.62,316,00:23:23,23.38,0,0,,161,171,05:04,04:25,136,149,1.22,,0,0,0,,02:57.92.5,5,00:23:22,00:23:51,339,382
Running,2020,September,07/09/2020,20:23,Monday,3.41,219,00:17:38,17.63,0,0,,161,174,05:11,04:11,135,152,1.2,,0,0,0,,01:46.92.1,4,00:17:37,00:17:38,347,394
Running,2020,September,05/09/2020,20:55,Saturday,4.48,301,00:24:44,24.73,0,0,,161,171,05:31,04:55,128,118,1.12,,0,0,0,,02:31.73.8,5,00:24:42,00:24:44,341,377
Running,2020,August,31/08/2020,20:13,Monday,4.03,272,00:20:33,20.55,0,0,,169,176,05:06,03:58,306,280,1.16,,0,0,0,,00:07.93.9,5,00:20:31,00:20:33,318,395
Running,2020,August,27/08/2020,09:05,Thursday,0.3,15,00:00:47,0.78,0,0,,184,241,02:38,02:07,2,12,2.07,,0,0,0,,00:46.90.7,1,00:46.9,00:46.9,19,31
Running,2020,August,27/08/2020,08:12,Thursday,3.01,201,00:11:40,11.67,0,0,,167,182,03:52,03:21,151,142,1.55,,0,0,0,,00:02.34.5,4,00:11:38,00:11:40,9,44
Running,2020,August,24/08/2020,20:24,Monday,3.01,203,00:11:58,11.97,0,0,,166,182,03:59,03:22,133,127,1.52,,0,0,0,,00:01.54.4,4,00:11:57,00:11:58,357,381
Running,2020,August,21/08/2020,18:25,Friday,7.02,472,00:33:26,33.43,0,0,,162,180,04:46,03:42,504,489,1.3,,0,0,0,,00:02.90.3,8,00:33:23,00:35:28,722,857
Running,2020,August,17/08/2020,20:09,Monday,4.33,297,00:19:16,19.27,0,0,,166,181,04:27,03:42,227,201,1.36,,0,0,0,,01:53.25.3,5,00:19:14,00:19:33,345,393
Cycling,2020,August,14/08/2020,17:38,Friday,11.89,280,01:14:11,74.18,0,0,,0,0,9.6,120.2,820,903,0,,0,0,0,,15:59.97.6,3,00:58:32,01:30:33,84,"3,798"
Cycling,2020,August,14/08/2020,15:08,Friday,12.6,406,01:33:01,93.02,0,0,,0,0,8.1,29.9,303,220,0,,0,0,0,,22:48.47.7,3,01:13:04,01:52:16,74,162
Pool Swimming,2020,August,13/08/2020,09:00,Thursday,0.2,35,00:06:41,6.68,0,0,,0,0,02:26,01:43,,,0,113,51,23,0,,06:41.24.7,1,04:51.5,07:02.3,,
Running,2020,August,10/08/2020,20:20,Monday,4.01,274,00:18:36,18.6,0,0,,162,178,04:38,03:32,146,164,1.33,,0,0,0,,00:01.32.2,5,00:18:35,00:18:52,356,390
Running,2020,August,08/08/2020,20:53,Saturday,3.64,247,00:20:56,20.93,0,0,,158,171,05:45,04:54,164,151,1.1,,0,0,0,,03:38.94.5,4,00:20:56,00:20:56,348,397
Running,2020,August,06/08/2020,19:16,Thursday,3.01,200,00:12:03,12.05,0,0,,164,180,04:00,03:12,153,211,1.52,,0,0,0,,00:01.75.9,4,00:12:01,00:12:03,341,458
Running,2020,August,03/08/2020,20:17,Monday,5.03,343,00:24:53,24.88,0,0,,158,175,04:57,04:04,418,377,1.28,,0,0,0,,00:07.42.3,6,00:24:53,00:25:09,185,395
Running,2020,July,28/07/2020,20:03,Tuesday,4.11,275,00:21:45,21.75,0,0,,159,181,05:17,02:09,239,277,1.19,,0,0,0,,00:18.67.7,5,00:21:43,00:21:45,355,418
Running,2020,July,26/07/2020,20:19,Sunday,5.58,380,00:27:30,27.5,0,0,,159,169,04:56,04:10,211,288,1.27,,0,0,0,,02:38.92.1,6,00:27:26,00:28:05,345,452
Running,2020,July,24/07/2020,18:19,Friday,2.81,189,00:16:44,16.73,0,0,,156,163,05:58,04:41,154,161,1.07,,0,0,0,,04:51.45.7,3,00:16:43,00:16:44,356,397
Running,2020,July,20/07/2020,20:13,Monday,3.71,246,00:19:13,19.22,0,0,,159,169,05:11,04:35,260,222,1.22,,0,0,0,,03:26.48.1,4,00:19:13,00:19:13,335,450
Running,2020,July,18/07/2020,22:38,Saturday,3.47,236,00:17:58,17.97,0,0,,160,169,05:10,03:55,145,135,1.21,,0,0,0,,02:09.88.2,4,00:17:57,00:17:58,348,381
Running,2020,July,16/07/2020,20:10,Thursday,5.01,340,00:29:25,29.42,0,0,,157,177,05:52,04:53,228,217,1.09,,0,0,0,,00:02.14.8,6,00:29:25,00:29:30,352,383
Running,2020,July,13/07/2020,20:23,Monday,4.63,312,00:24:09,24.15,0,0,,160,186,05:13,02:13,137,136,1.2,,0,0,0,,02:30.85.8,5,00:24:06,00:24:09,354,380
Running,2020,July,12/07/2020,21:08,Sunday,2.37,160,00:13:11,13.18,0,0,,159,167,05:34,04:20,112,133,1.13,,0,0,0,,02:02.94.2,3,00:13:09,00:13:11,344,393
Running,2020,July,06/07/2020,20:16,Monday,5.01,342,00:26:50,26.83,0,0,,159,174,05:21,03:08,295,310,1.17,,0,0,0,,00:02.09.8,6,00:26:49,00:26:50,341,402
Running,2020,June,28/06/2020,20:54,Sunday,3.01,200,00:17:06,17.1,0,0,,156,167,05:40,04:29,589,601,1.13,,0,0,0,,00:02.84.5,4,00:17:05,00:17:06,183,450
Running,2020,June,21/06/2020,20:07,Sunday,4.58,310,00:22:14,22.23,0,0,,163,175,04:51,03:51,182,201,1.26,,0,0,0,,02:50.44.2,5,00:22:13,00:22:14,342,388
Running,2020,June,19/06/2020,18:01,Friday,5.08,349,00:30:11,30.18,0,0,,157,175,05:56,04:23,142,142,1.07,,0,0,0,,00:24.25.6,6,00:30:09,00:30:56,353,379
Running,2020,June,15/06/2020,20:26,Monday,4.5,308,00:20:22,20.37,0,0,,160,177,04:32,03:42,169,187,1.38,,0,0,0,,02:17.11.1,5,00:20:20,00:20:22,330,405
Open Water Swimming,2020,June,12/06/2020,09:32,Friday,0.731,141,00:25:17,25.28,0,0,,0,0,03:27,00:08,,,0,746,77,29,0,,25:16.51.5,1,00:25:17,00:25:17,,
Pool Swimming,2020,June,12/06/2020,09:03,Friday,0.125,29,00:02:27,2.45,0,0,,0,0,01:48,01:11,,,0,70,41,31,0,,02:26.82.2,1,02:14.9,03:32.2,,
Open Water Swimming,2020,June,12/06/2020,09:00,Friday,,,00:03:05,3.08,0,0,,0,0,,,,,0,76,0,24,0,,03:04.89.5,1,00:00:00,03:09.0,,
Running,2020,June,08/06/2020,20:51,Monday,5.04,344,00:28:28,28.47,0,0,,156,171,05:39,04:13,205,207,1.14,,0,0,0,,00:09.96.3,6,00:28:21,00:28:28,361,408
Running,2020,June,06/06/2020,21:02,Saturday,3.51,240,00:20:54,20.9,0,0,,159,176,05:57,05:11,164,258,1.06,,0,0,0,,03:08.11.5,4,00:20:53,00:20:54,354,465
Running,2020,June,02/06/2020,20:07,Tuesday,5.01,340,00:26:05,26.08,0,0,,159,176,05:12,04:19,232,220,1.2,,0,0,0,,00:02.56.3,6,00:26:03,00:26:31,339,404
Running,2020,May,31/05/2020,20:03,Sunday,4.54,303,00:20:09,20.15,0,0,,162,181,04:26,03:31,196,192,1.39,,0,0,0,,02:17.19.7,5,00:20:07,00:20:09,328,380
Running,2020,May,28/05/2020,18:14,Thursday,3.97,265,00:24:12,24.2,0,0,,155,169,06:06,04:51,244,273,1.06,,0,0,0,,05:55.6,4,00:23:29,00:24:12,337,455
Running,2020,May,26/05/2020,20:05,Tuesday,5,343,00:25:25,25.42,0,0,,161,173,05:05,04:05,210,226,1.23,,0,0,0,,04:50.63.4,5,00:25:24,00:25:28,333,415
Running,2020,May,22/05/2020,18:32,Friday,3.76,255,00:23:50,23.83,0,0,,149,173,06:20,03:25,192,220,1.06,,0,0,0,,04:33.89.1,4,00:22:39,00:23:50,757,810
Running,2020,May,17/05/2020,20:00,Sunday,2.84,195,00:16:27,16.45,0,0,,158,167,05:47,05:01,103,113,1.09,,0,0,0,,05:09.80.7,3,00:16:27,00:16:27,309,381
Running,2020,May,12/05/2020,20:30,Tuesday,4.67,320,00:26:16,26.27,0,0,,171,183,05:38,04:16,177,199,1.04,,0,0,0,,03:57.8,5,00:26:13,00:26:25,325,394
Running,2020,May,11/05/2020,20:07,Monday,4.31,291,00:19:49,19.82,0,0,,163,185,04:36,03:43,190,197,1.34,,0,0,0,,01:21.65.8,5,00:19:47,00:19:49,320,385
Running,2020,May,07/05/2020,08:37,Thursday,5.02,339,00:31:14,31.23,0,0,,161,174,06:14,04:16,274,179,1,,0,0,0,,00:07.73.6,6,00:31:13,00:32:48,-50,63
Running,2020,May,05/05/2020,21:42,Tuesday,2.4,164,00:11:03,11.05,0,0,,166,186,04:37,03:25,80,80,1.3,,0,0,0,,01:44.3,3,00:11:03,00:11:03,354,397
Running,2020,May,03/05/2020,20:28,Sunday,5.38,364,00:26:32,26.53,0,0,,162,176,04:56,03:22,215,206,1.25,,0,0,0,,01:22.37.5,6,00:26:31,00:26:32,351,381
Running,2020,May,01/05/2020,17:13,Friday,4.5,307,00:21:03,21.05,0,0,,163,176,04:41,03:55,160,204,1.31,,0,0,0,,02:18.64.7,5,00:21:01,00:21:03,326,394
Running,2020,April,29/04/2020,20:06,Wednesday,6.11,404,00:30:47,30.78,0,0,,162,176,05:02,02:07,424,229,1.23,,0,0,0,,00:24.4,7,00:30:45,00:30:47,143,400
Running,2020,April,27/04/2020,18:26,Monday,1.39,95,00:07:08,7.13,0,0,,160,171,05:08,04:41,98,76,1.22,,0,0,0,,01:54.44.9,2,07:07.4,07:07.8,353,406
Running,2020,April,25/04/2020,20:19,Saturday,4.25,283,00:21:21,21.35,0,0,,160,176,05:02,04:19,251,335,1.24,,0,0,0,,01:15.34.9,5,00:21:19,00:21:28,330,472
Running,2020,April,23/04/2020,20:19,Thursday,6.8,461,00:35:40,35.67,0,0,,161,178,05:15,03:27,278,282,1.18,,0,0,0,,03:47.73.6,7,00:35:39,00:35:40,356,411
Running,2020,April,18/04/2020,21:23,Saturday,6.2,421,00:30:59,30.98,0,0,,162,192,05:00,02:38,781,246,1.23,,0,0,0,,01:03.65.1,7,00:30:56,00:30:59,-180,456
Running,2020,April,17/04/2020,08:25,Friday,6.01,409,00:33:11,33.18,0,0,,162,178,05:31,04:39,203,193,1.12,,0,0,0,,00:02.2,7,00:33:08,00:33:11,347,385
Running,2020,April,11/04/2020,19:49,Saturday,4.31,292,00:24:11,24.18,0,0,,162,176,05:37,04:38,194,217,1.1,,0,0,0,,02:03.09.8,5,00:24:07,00:25:03,338,393
Running,2020,April,06/04/2020,20:41,Monday,4.41,300,00:23:02,23.03,0,0,,163,170,05:13,04:22,272,271,1.18,,0,0,0,,02:15.03.9,5,00:22:59,00:23:02,323,388
Running,2020,April,04/04/2020,20:07,Saturday,4.8,325,00:24:55,24.92,0,0,,165,176,05:11,03:50,269,217,1.17,,0,0,0,,04:01.7,5,00:24:51,00:25:08,298,380
Running,2020,April,03/04/2020,18:19,Friday,2.87,196,00:15:23,15.38,0,0,,159,184,05:21,02:37,97,77,1.18,,0,0,0,,04:51.98.3,3,00:15:23,00:15:23,322,362
Running,2020,March,31/03/2020,18:11,Tuesday,4.56,312,00:21:29,21.48,0,0,,167,177,04:43,03:57,123,140,1.27,,0,0,0,,02:27.74.6,5,00:21:27,00:21:29,328,378
Running,2020,March,28/03/2020,19:59,Saturday,3.55,242,00:21:27,21.45,0,0,,155,178,06:03,04:48,178,142,1.07,,0,0,0,,03:16.13.6,4,00:21:25,00:22:54,292,366
Running,2020,March,27/03/2020,16:50,Friday,3.61,244,00:20:56,20.93,0,0,,154,181,05:48,04:31,47,30,1.12,,0,0,0,,04:35.0,4,00:20:56,00:21:18,323,359
Running,2020,March,24/03/2020,20:04,Tuesday,6.05,411,00:29:53,29.88,0,0,,163,178,04:56,03:25,290,290,1.25,,0,0,0,,00:12.75.8,7,00:29:50,00:30:17,345,399
Running,2020,March,21/03/2020,20:38,Saturday,4.78,324,00:24:14,24.23,0,0,,162,186,05:04,03:45,327,296,1.22,,0,0,0,,03:35.67.1,5,00:24:12,00:24:14,316,388
Running,2020,March,20/03/2020,11:27,Friday,6.66,451,00:37:30,37.5,0,0,,160,171,05:38,04:13,311,302,1.11,,0,0,0,,03:41.55.9,7,00:37:26,00:38:13,-16,51
Running,2020,March,18/03/2020,08:41,Wednesday,7.19,484,00:33:50,33.83,0,0,,166,176,04:42,04:01,297,386,1.28,,0,0,0,,00:54.08.4,8,00:33:49,00:34:24,319,462
Running,2020,March,15/03/2020,20:36,Sunday,4.38,294,00:22:16,22.27,0,0,,156,178,05:05,03:39,440,433,1.26,,0,0,0,,01:58.10.1,5,00:22:15,00:22:16,-90,76
Running,2020,March,07/03/2020,19:08,Saturday,5.1,348,00:29:34,29.57,0,0,,158,172,05:48,04:12,187,174,1.09,,0,0,0,,00:34.97.6,6,00:29:32,00:29:34,347,383
Running,2020,March,03/03/2020,19:22,Tuesday,8.02,549,00:38:35,38.58,0,0,,164,177,04:49,03:55,308,302,1.26,,0,0,0,,00:05.49.2,9,00:38:33,00:39:05,330,393
Running,2020,February,28/02/2020,08:51,Friday,10.11,666,00:42:58,42.97,0,0,,166,184,04:15,03:31,789,814,1.42,,0,0,0,,00:24.20.8,11,00:42:54,00:42:58,-27,169
Pool Swimming,2020,February,27/02/2020,12:29,Thursday,0.35,60,00:10:07,10.12,0,0,,0,0,02:48,02:01,,,0,212,57,22,0,,00:00.0,1,09:47.1,00:10:20,,
Running,2020,February,26/02/2020,18:45,Wednesday,4.55,309,00:25:29,25.48,0,0,,158,169,05:36,04:43,350,359,1.13,,0,0,0,,02:59.26.1,5,00:25:08,00:25:29,304,452
Running,2020,February,24/02/2020,09:28,Monday,5.01,343,00:22:20,22.33,0,0,,169,190,04:28,03:50,167,166,1.32,,0,0,0,,00:01.71.3,6,00:22:19,00:22:20,350,387
Cycling,2020,February,21/02/2020,13:24,Friday,13.25,362,02:26:18,146.3,0,0,,0,0,5.4,32.5,181,316,0,,0,0,0,,26:46.72.7,3,01:42:50,02:26:18,-204,-65
Cross Country Classic Skiing,2020,February,20/02/2020,13:00,Thursday,1.4,,00:09:12,9.2,0,0,,42,232,9.1,,,,3.6,,0,0,0,,00:00.94.7,3,00:00:00,09:11.9,"1,742","1,994"
Cross Country Classic Skiing,2020,February,20/02/2020,10:05,Thursday,4.31,,01:13:54,73.9,0,0,,36,188,3.5,,,,1.63,,0,0,0,,00:00.0,1,00:00:00,01:13:54,"1,638","1,996"
Running,2020,February,17/02/2020,17:56,Monday,5.8,390,00:34:42,34.7,0,0,,159,182,05:59,04:24,286,281,1.05,,0,0,0,,04:08.50.9,6,00:34:06,00:46:11,348,400
Running,2020,February,16/02/2020,22:45,Sunday,3.07,152,00:46:53,46.88,0,0,,79,223,15:16,02:47,106,120,0.83,,0,0,0,,00:25.59.1,4,00:36:36,00:46:53,493,528
Running,2020,February,16/02/2020,20:07,Sunday,3.07,199,00:15:57,15.95,0,0,,17,125,05:11,02:51,105,105,12.31,,0,0,0,,00:49.21.9,4,00:15:31,00:15:57,490,526
Running,2020,February,11/02/2020,08:41,Tuesday,7.27,487,00:32:13,32.22,0,0,,166,184,04:26,03:18,411,243,1.36,,0,0,0,,01:07.47.6,8,00:32:12,00:32:39,194,392
Running,2020,February,08/02/2020,19:03,Saturday,4.93,337,00:29:01,29.02,0,0,,149,178,05:53,03:44,219,209,1.15,,0,0,0,,05:06.63.8,5,00:28:44,00:29:01,349,381
Running,2020,February,05/02/2020,19:24,Wednesday,4.33,297,00:22:18,22.3,0,0,,159,169,05:09,04:22,152,162,1.22,,0,0,0,,01:43.76.7,5,00:22:17,00:22:18,343,381
Running,2020,February,02/02/2020,09:10,Sunday,7.06,481,00:32:13,32.22,0,0,,167,188,04:34,03:16,297,304,1.32,,0,0,0,,00:12.21.8,8,00:32:11,00:32:28,319,386
Running,2020,January,30/01/2020,22:00,Thursday,5.65,383,00:25:51,25.85,0,0,,166,184,04:34,03:12,236,204,1.31,,0,0,0,,02:39.75.3,6,00:25:49,00:27:48,307,391
Cycling,2020,January,29/01/2020,14:44,Wednesday,8.98,360,00:55:06,55.1,0,0,,0,0,9.8,39.6,265,275,0,,0,0,0,,25:36.78.1,2,00:48:58,00:55:06,301,425
Cycling,2020,January,29/01/2020,12:16,Wednesday,8.19,361,01:15:34,75.57,0,0,,0,0,6.5,50.3,338,410,0,,0,0,0,,00:02.93.4,4,00:53:04,01:23:34,186,523
Running,2020,January,28/01/2020,21:50,Tuesday,6.9,472,00:35:12,35.2,0,0,,160,182,05:06,04:06,247,217,1.22,,0,0,0,,04:02.11.5,7,00:35:01,00:35:17,355,398
Running,2020,January,25/01/2020,18:45,Saturday,4.87,333,00:26:45,26.75,0,0,,162,174,05:29,04:15,228,223,1.13,,0,0,0,,05:07.27.3,5,00:26:37,00:26:49,336,386
Running,2020,January,24/01/2020,10:40,Friday,4.53,301,00:21:25,21.42,0,0,,163,175,04:44,03:53,515,603,1.29,,0,0,0,,02:19.11.5,5,00:21:25,00:26:15,280,464
Pool Swimming,2020,January,22/01/2020,19:34,Wednesday,0.5,93,00:13:44,13.73,0,0,,0,0,02:17,00:52,,,0,250,47,22,0,,00:01.07.2,5,00:11:27,00:19:04,,
Running,2020,January,18/01/2020,18:11,Saturday,5.05,336,00:31:08,31.13,0,0,,170,184,06:10,04:30,218,248,0.95,,0,0,0,,00:01.01.4,9,00:31:06,00:31:18,347,392
Running,2020,January,14/01/2020,21:49,Tuesday,2.74,179,00:18:24,18.4,0,0,,156,245,06:43,04:06,129,106,0.95,,0,0,0,,05:03.79.4,3,00:18:24,00:18:27,343,401
Running,2020,January,11/01/2020,19:09,Saturday,8.02,547,00:37:49,37.82,0,0,,166,190,04:43,03:33,291,305,1.28,,0,0,0,,00:04.84.6,9,00:37:46,00:37:49,326,390
Running,2020,January,03/01/2020,14:10,Friday,7.76,524,00:44:38,44.63,0,0,,162,178,05:45,04:35,923,370,1.07,,0,0,0,,04:01.49.6,8,00:44:35,00:45:37,136,748
Running,2019,December,31/12/2019,20:11,Tuesday,1.92,130,00:11:19,11.32,0,0,,160,184,05:54,03:30,86,69,1.06,,0,0,0,,05:33.65.1,2,00:11:18,00:11:44,348,392
Running,2019,December,29/12/2019,09:01,Sunday,0,,00:00:04,0.07,0,0,,,,,,,,0,,0,0,0,,00:00.0,1,00:00:00,01:09.1,362,363
Running,2019,December,29/12/2019,04:27,Sunday,0.01,,00:01:20,1.33,0,0,,13,122,,10:34,,,0.25,,0,0,0,,00:00.96.6,6,00:00:10,03:22.7,,
Running,2019,December,28/12/2019,19:12,Saturday,2.07,140,00:12:03,12.05,0,0,,157,169,05:50,04:44,142,172,1.09,,0,0,0,,00:24.02.5,3,00:12:02,00:27:45,345,430
Pool Swimming,2019,December,27/12/2019,09:10,Friday,0.45,92,00:09:57,9.95,0,0,,0,0,01:48,01:01,,,0,175,37,22,0,,00:00.0,1,08:05.3,00:10:04,,
Trail Running,2019,December,27/12/2019,08:19,Friday,1.91,125,00:11:40,11.67,0,0,,144,171,06:06,05:08,,,1.14,,0,0,0,,05:48.86.7,2,00:11:40,00:11:40,,
Running,2019,December,24/12/2019,22:18,Tuesday,5.56,379,00:26:04,26.07,0,0,,163,174,04:41,04:01,163,176,1.31,,0,0,0,,02:21.32.6,6,00:26:02,00:26:13,336,388
Running,2019,December,21/12/2019,17:21,Saturday,3.59,244,00:21:01,21.02,0,0,,156,180,05:51,04:07,103,93,1.09,,0,0,0,,02:33.35.8,4,00:20:35,00:35:03,25,53
Running,2019,December,20/12/2019,08:06,Friday,12.4,803,01:05:52,65.87,0,0,,161,220,05:19,03:08,"1,155","1,162",1.17,,0,0,0,,02:29.27.6,13,01:05:28,01:17:22,-21,99
Running,2019,December,18/12/2019,20:07,Wednesday,4.95,333,00:30:17,30.28,0,0,,159,176,06:07,04:33,155,176,1.03,,0,0,0,,05:34.36.8,5,00:30:16,00:30:17,354,388
Running,2019,December,14/12/2019,18:15,Saturday,5.24,319,00:33:54,33.9,0,0,,170,226,06:28,02:55,514,214,0.91,,0,0,0,,01:03.88.9,6,00:33:52,00:38:31,79,403
Running,2019,December,13/12/2019,09:10,Friday,3.35,229,00:19:36,19.6,0,0,,161,178,05:51,04:22,125,120,1.06,,0,0,0,,02:20.92.1,4,00:19:16,00:22:08,537,607
Running,2019,December,10/12/2019,21:23,Tuesday,4.77,320,00:29:16,29.27,0,0,,158,178,06:08,03:37,208,208,1.03,,0,0,0,,04:11.64.5,5,00:28:53,00:29:16,348,400
Running,2019,December,07/12/2019,18:10,Saturday,4.94,327,00:31:43,31.72,0,0,,170,178,06:25,04:38,582,369,0.92,,0,0,0,,05:17.44.6,5,00:31:42,00:32:38,146,406
Running,2019,December,04/12/2019,16:26,Wednesday,5.11,348,00:23:28,23.47,0,0,,160,184,04:35,03:09,165,162,1.36,,0,0,0,,00:28.47.2,6,00:23:26,00:30:14,348,395
Running,2019,December,02/12/2019,20:37,Monday,6.02,303,00:52:08,52.13,0,0,,125,248,08:39,03:15,375,348,0.92,,0,0,0,,00:12.58.8,7,00:51:55,00:57:33,-31,30
Running,2019,November,29/11/2019,09:21,Friday,4.72,321,00:26:29,26.48,0,0,,158,177,05:37,03:34,153,131,1.13,,0,0,0,,03:41.77.2,5,00:26:29,00:27:36,351,392
Running,2019,November,25/11/2019,21:16,Monday,4.53,305,00:20:46,20.77,0,0,,162,174,04:35,03:38,623,596,1.35,,0,0,0,,02:38.80.7,5,00:20:45,00:20:46,110,557
Running,2019,November,23/11/2019,19:19,Saturday,2.52,170,00:11:09,11.15,0,0,,164,175,04:25,03:43,109,112,1.38,,0,0,0,,02:10.81.5,3,00:11:08,00:11:10,356,385
Running,2019,November,23/11/2019,17:53,Saturday,4.49,297,00:29:02,29.03,0,0,,167,182,06:28,03:59,380,297,0.93,,0,0,0,,02:55.78.3,5,00:29:01,00:29:03,214,402
Pool Swimming,2019,November,22/11/2019,09:39,Friday,0.475,99,00:12:31,12.52,0,0,,0,0,01:57,00:58,,,0,201,40,22,0,,00:00.0,1,09:15.0,00:12:36,,
Running,2019,November,16/11/2019,18:14,Saturday,4.37,293,00:30:21,30.35,0,0,,166,205,06:57,05:14,241,244,0.87,,0,0,0,,03:24.37.8,5,00:30:19,00:31:15,338,383
Running,2019,November,15/11/2019,09:21,Friday,3.96,270,00:22:48,22.8,0,0,,160,171,05:46,04:20,170,175,1.08,,0,0,0,,05:19.75.7,4,00:22:47,00:24:09,551,595
Running,2019,November,12/11/2019,20:21,Tuesday,5,342,00:27:29,27.48,0,0,,155,171,05:30,04:31,185,204,1.17,,0,0,0,,00:00.91.2,6,00:27:09,00:27:51,364,399
Pool Swimming,2019,November,08/11/2019,12:52,Friday,0.975,177,00:27:40,27.67,0,0,,0,0,02:23,00:59,,,0,517,49,22,0,,00:00.54.6,6,00:23:13,00:28:23,,
Running,2019,November,08/11/2019,06:34,Friday,4.09,279,00:25:45,25.75,0,0,,168,178,06:18,02:40,488,255,0.95,,0,0,0,,00:23.62.4,5,00:25:44,00:25:45,116,439
Pool Swimming,2019,November,05/11/2019,20:57,Tuesday,0.675,122,00:24:37,24.62,0,0,,0,0,02:05,00:51,,,0,334,44,24,0,,00:00.0,1,00:14:05,00:25:01,,
Running,2019,November,02/11/2019,19:17,Saturday,4.12,280,00:21:53,21.88,0,0,,156,173,05:19,04:14,142,174,1.21,,0,0,0,,00:34.06.2,5,00:21:51,00:21:53,356,402
Running,2019,November,02/11/2019,17:58,Saturday,4.58,305,00:31:31,31.52,0,0,,167,180,06:53,04:36,266,288,0.87,,0,0,0,,03:17.50.7,5,00:31:27,00:37:18,337,382
Cycling,2019,November,01/11/2019,09:54,Friday,14.24,480,00:50:19,50.32,0,0,,0,0,17,45.3,239,300,0,,0,0,0,,11:56.37.5,3,00:47:57,00:50:19,308,515
Pool Swimming,2019,November,01/11/2019,08:24,Friday,0.4,72,00:12:58,12.97,0,0,,0,0,02:06,00:57,,,0,214,45,25,0,,00:00.0,1,08:24.1,00:13:09,,
Cycling,2019,November,01/11/2019,06:16,Friday,16.94,644,01:24:45,84.75,0,0,,0,0,12,38.9,460,294,0,,0,0,0,,13:46.94.3,4,01:19:26,01:44:07,309,605
Running,2019,October,30/10/2019,20:09,Wednesday,3.96,270,00:17:56,17.93,0,0,,166,178,04:32,03:58,144,131,1.33,,0,0,0,,04:11.7,4,00:17:55,00:17:56,343,386
Running,2019,October,26/10/2019,20:09,Saturday,4.89,332,00:30:06,30.1,0,0,,155,169,06:10,03:53,352,345,1.05,,0,0,0,,05:15.65.7,5,00:29:37,00:30:06,347,418
Pool Swimming,2019,October,25/10/2019,16:19,Friday,0.65,133,00:17:55,17.92,0,0,,0,0,02:13,00:53,,,0,318,46,22,0,,00:00.0,1,00:14:26,00:18:09,,
Running,2019,October,25/10/2019,08:06,Friday,2.57,175,00:12:07,12.12,0,0,,165,176,04:42,04:02,118,129,1.29,,0,0,0,,02:39.15.8,3,00:12:06,00:12:58,345,399
Pool Swimming,2019,October,23/10/2019,21:16,Wednesday,0.6,92,00:14:25,14.42,0,0,,0,0,02:15,01:39,,,0,285,55,21,0,,00:00.52.9,8,00:13:30,00:19:09,,
Running,2019,October,19/10/2019,19:02,Saturday,5.02,342,00:26:29,26.48,0,0,,158,181,05:16,01:57,170,148,1.2,,0,0,0,,00:07.05.9,6,00:26:26,00:26:31,131,180
Pool Swimming,2019,October,15/10/2019,20:40,Tuesday,0.75,146,00:19:09,19.15,0,0,,0,0,02:31,01:20,,,0,444,53,24,0,,00:00.0,1,00:18:52,00:19:14,,
Running,2019,October,13/10/2019,09:45,Sunday,3.04,207,00:17:35,17.58,0,0,,169,182,05:47,04:22,133,130,1.02,,0,0,0,,00:16.22.5,4,00:17:29,00:17:36,-26,12
Running,2019,October,01/10/2019,19:31,Tuesday,4.01,274,00:18:44,18.73,0,0,,160,171,04:40,04:01,162,164,1.34,,0,0,0,,00:01.95.2,5,00:18:43,00:18:44,353,389
Running,2019,September,14/09/2019,20:44,Saturday,5.05,345,00:31:54,31.9,0,0,,152,167,06:19,04:25,230,223,1.04,,0,0,0,,00:18.4,6,00:31:51,00:43:42,327,381
Running,2019,September,08/09/2019,20:41,Sunday,3.02,205,00:12:22,12.37,0,0,,165,180,04:05,03:04,75,128,1.48,,0,0,0,,00:06.0,4,00:12:20,00:12:47,340,404
Pool Swimming,2019,September,06/09/2019,15:40,Friday,0.975,197,00:22:49,22.82,0,0,,0,0,02:02,00:53,,,0,438,42,22,0,,00:00.0,1,00:19:53,00:22:58,,
Running,2019,August,28/08/2019,18:40,Wednesday,4.52,299,00:28:47,28.78,0,0,,158,182,06:22,03:14,185,166,0.99,,0,0,0,,03:34.5,5,00:28:47,00:29:54,974,"1,074"
Running,2019,March,29/03/2019,09:36,Friday,4.38,297,00:24:59,24.98,0,0,,164,177,05:42,02:29,209,189,1.07,,0,0,0,,01:55.58.4,5,00:24:58,00:25:15,325,387
Running,2019,March,23/03/2019,19:22,Saturday,5.4,370,00:27:03,27.05,0,0,,160,173,05:00,02:29,173,256,1.24,,0,0,0,,01:50.43.1,6,00:27:02,00:27:38,336,450
Running,2019,March,15/03/2019,09:41,Friday,9.7,633,00:55:30,55.5,0,0,,159,181,05:43,04:33,884,472,1.1,,0,0,0,,04:02.83.5,10,00:55:28,00:55:54,355,817
Running,2019,March,13/03/2019,15:24,Wednesday,2.17,150,00:09:57,9.95,0,0,,165,174,04:35,04:03,92,75,1.33,,0,0,0,,00:49.42.1,3,09:55.7,09:57.1,353,390
Pool Swimming,2019,March,12/03/2019,18:41,Tuesday,0.525,93,00:15:38,15.63,0,0,,0,0,02:20,00:50,,,0,299,49,24,0,,00:00.0,1,00:12:15,00:16:08,,
Cross Country Classic Skiing,2019,March,11/03/2019,14:10,Monday,2.1,,00:05:05,5.08,0,0,,64,126,24.9,,,,6.49,,0,0,0,,00:00.0,1,00:00:00,05:04.6,"1,475","1,952"
Cross Country Classic Skiing,2019,March,11/03/2019,13:47,Monday,3.72,,00:12:05,12.08,0,0,,59,144,18.5,,,,5.22,,0,0,0,,00:00.0,1,00:00:00,00:12:05,"1,411","2,260"
Cross Country Classic Skiing,2019,March,11/03/2019,12:53,Monday,4.42,,00:08:31,8.52,0,0,,67,155,31.2,,,,7.71,,0,0,0,,00:00.0,1,00:00:00,08:30.8,"1,554","2,257"
Cross Country Classic Skiing,2019,March,10/03/2019,14:05,Sunday,1.7,,00:05:08,5.13,0,0,,86,145,19.9,,,,3.87,,0,0,0,,00:00.0,1,00:00:00,06:26.2,"1,862","2,232"
Cross Country Classic Skiing,2019,March,10/03/2019,13:12,Sunday,2.84,,00:12:47,12.78,0,0,,36,124,13.3,,,,6.09,,0,0,0,,00:00.0,1,00:00:00,00:27:44,"1,672","2,250"
Cross Country Classic Skiing,2019,March,10/03/2019,12:32,Sunday,3.77,,00:15:13,15.22,0,0,,45,128,14.9,,,,5.49,,0,0,0,,00:00.0,1,00:00:00,00:15:13,"1,535","2,062"
Cross Country Classic Skiing,2019,March,10/03/2019,09:48,Sunday,4.3,,00:13:40,13.67,0,0,,49,131,18.9,,,,6.44,,0,0,0,,00:01.29.1,6,00:00:00,00:21:05,"1,719","2,381"
Cross Country Classic Skiing,2019,March,08/03/2019,11:08,Friday,4.44,,00:12:06,12.1,0,0,,58,141,22,,,,6.31,,0,0,0,,00:00.0,1,00:00:00,00:12:06,"1,551","2,260"
Cross Country Classic Skiing,2019,March,07/03/2019,14:38,Thursday,3.03,,00:10:49,10.82,0,0,,53,235,16.8,,,,5.31,,0,0,0,,00:00.0,1,00:00:00,00:10:49,"1,785","2,259"
Cross Country Classic Skiing,2019,March,06/03/2019,15:58,Wednesday,0.41,,00:01:21,1.35,0,0,,19,121,18.3,,,,15.66,,0,0,0,,00:00.0,1,00:00:00,01:20.9,"2,011","2,087"
Cross Country Classic Skiing,2019,March,06/03/2019,15:10,Wednesday,0.01,,00:00:36,0.6,0,0,,22,121,0.8,,,,0.63,,0,0,0,,00:03.20.6,3,00:00:00,00:36.0,"2,095","2,107"
Cross Country Classic Skiing,2019,March,06/03/2019,13:03,Wednesday,3.05,,00:09:32,9.53,0,0,,61,135,19.2,,,,5.29,,0,0,0,,00:00.0,1,00:00:00,09:32.2,"1,459","2,095"
Cross Country Classic Skiing,2019,March,06/03/2019,12:25,Wednesday,1.22,,00:07:46,7.77,0,0,,30,151,9.4,,,,5.25,,0,0,0,,00:00.0,1,00:00:00,07:45.7,"1,470","1,719"
Resort Skiing/Snowboarding,2019,March,06/03/2019,12:21,Wednesday,0,,00:00:02,0.03,0,0,,0,0,,,,6,0,,0,0,0,,00:00.0,1,00:00:00,00:03.0,"2,185","2,191"
Cross Country Classic Skiing,2019,March,06/03/2019,03:03,Wednesday,0,,00:00:00,0,0,0,,0,0,,,,,0,,0,0,0,,00:00.0,1,00:00:00,00:00:00,,
Pool Swimming,2019,March,04/03/2019,12:19,Monday,0.5,80,00:11:35,11.58,0,0,,0,0,02:15,00:49,,,0,257,46,23,0,,00:00.0,1,00:11:13,00:12:00,,
Running,2019,February,22/02/2019,06:18,Friday,21.45,1447,01:37:17,97.28,0,0,,164,178,04:32,03:40,"2,135","2,119",1.34,,0,0,0,,04:10.60.8,22,01:36:39,01:37:17,-94,220
Pool Swimming,2019,February,17/02/2019,21:21,Sunday,0.375,70,00:07:39,7.65,0,0,,0,0,02:02,01:07,,,0,172,42,22,0,,00:00.0,1,07:39.0,08:12.2,,
Running,2019,February,16/02/2019,19:05,Saturday,5.36,364,00:28:21,28.35,0,0,,161,182,05:17,03:55,199,316,1.17,,0,0,0,,05:04.30.5,6,00:28:06,00:28:58,359,480
Pool Swimming,2019,February,15/02/2019,16:10,Friday,0.5,93,00:13:52,13.87,0,0,,0,0,02:14,01:09,,,0,236,45,21,0,,00:27.96.4,2,00:11:10,00:14:12,,
Running,2019,February,14/02/2019,08:22,Thursday,8.03,550,00:39:03,39.05,0,0,,165,176,04:52,03:29,670,294,1.25,,0,0,0,,04:25.53.6,9,00:38:43,00:43:44,137,547
Running,2019,February,08/02/2019,08:09,Friday,17.09,1158,01:34:08,94.13,0,0,,159,194,05:30,02:11,748,719,1.14,,0,0,0,,05:06.43.7,18,01:33:19,01:37:22,-6,65
Running,2019,February,05/02/2019,21:34,Tuesday,9.04,614,00:40:14,40.23,0,0,,163,176,04:27,03:49,307,287,1.38,,0,0,0,,04:16.70.5,10,00:39:44,00:40:26,45,95
Running,2019,February,02/02/2019,18:49,Saturday,10.11,689,00:58:04,58.07,0,0,,158,180,05:45,03:33,494,484,1.1,,0,0,0,,05:10.09.3,11,00:57:34,01:01:41,331,394
Pool Swimming,2019,February,01/02/2019,15:59,Friday,0.5,97,00:14:33,14.55,0,0,,0,0,01:56,00:44,,,0,210,39,22,0,,00:00.0,1,09:38.9,00:14:51,,
Trail Running,2019,January,31/01/2019,18:23,Thursday,0.1,5,00:00:18,0.3,0,0,,143,232,02:58,02:15,3,,2.36,,0,0,0,,00:00.0,1,00:00:14,00:17.6,40,44
Trail Running,2019,January,31/01/2019,18:21,Thursday,0.1,4,00:00:17,0.28,0,0,,150,229,02:52,02:15,3,,2.32,,0,0,0,,00:00.0,1,00:00:14,00:31.6,39,44
Trail Running,2019,January,31/01/2019,18:20,Thursday,0.08,3,00:00:14,0.23,0,0,,105,124,02:40,02:12,,1,3.59,,0,0,0,,00:00.0,1,00:00:10,00:13.5,37,39
Trail Running,2019,January,31/01/2019,18:18,Thursday,0.1,4,00:00:16,0.27,0,0,,113,121,02:45,02:12,1,,3.2,,0,0,0,,00:00.0,1,00:00:15,00:16.1,39,41
Trail Running,2019,January,31/01/2019,18:15,Thursday,0.2,11,00:01:05,1.08,0,0,,147,164,05:26,02:14,3,5,1.25,,0,0,0,,00:00.0,1,00:00:59,01:53.9,34,42
Running,2019,January,31/01/2019,17:57,Thursday,3.11,207,00:14:23,14.38,0,0,,167,185,04:37,03:15,178,190,1.29,,0,0,0,,04:13.73.5,4,00:14:12,00:15:43,33,93
Running,2019,January,25/01/2019,16:18,Friday,7.01,481,00:43:14,43.23,0,0,,157,167,06:10,04:08,244,254,1.03,,0,0,0,,00:00.0,8,00:42:46,00:43:14,0,35
Running,2019,January,23/01/2019,16:50,Wednesday,6.81,469,00:32:14,32.23,0,0,,164,180,04:44,03:44,172,196,1.29,,0,0,0,,00:00.0,7,00:31:48,00:32:14,50,89
Cross Country Classic Skiing,2019,January,20/01/2019,09:51,Sunday,2.57,,00:33:04,33.07,0,0,,46,170,4.7,,,,1.7,,0,0,0,,00:00.0,1,00:00:00,00:33:04,"1,640","2,002"
Cross Country Classic Skiing,2019,January,20/01/2019,09:14,Sunday,3.43,,00:27:08,27.13,0,0,,25,154,7.6,,,,5.09,,0,0,0,,00:00.0,1,00:00:00,00:27:08,"1,664","1,996"
Running,2019,January,19/01/2019,18:30,Saturday,8.48,572,00:46:31,46.52,0,0,,162,201,05:29,02:11,360,320,1.12,,0,0,0,,00:00.0,9,00:46:13,00:48:25,324,413
Pool Swimming,2019,January,18/01/2019,15:46,Friday,0.05,11,00:00:48,0.8,0,0,,0,0,01:36,01:30,,,0,22,35,28,0,,00:00.0,1,00:47.8,01:13.3,,
Running,2019,January,15/01/2019,10:19,Tuesday,4.01,268,00:20:36,20.6,0,0,,166,186,05:09,02:41,185,166,1.17,,0,0,0,,00:00.0,5,00:20:35,00:24:54,782,836
Running,2019,January,11/01/2019,13:48,Friday,10.02,666,00:54:13,54.22,0,0,,164,178,05:25,01:47,582,589,1.12,,0,0,0,,00:00.0,11,00:54:13,00:55:45,-39,55
Pool Swimming,2019,January,10/01/2019,21:14,Thursday,1.1,172,00:21:22,21.37,0,0,,0,0,02:08,00:54,,,0,482,44,23,0,,00:00.0,1,00:21:22,00:21:31,,
Running,2019,January,06/01/2019,15:16,Sunday,8.02,539,00:37:24,37.4,0,0,,164,178,04:40,03:45,302,323,1.31,,0,0,0,,00:00.0,9,00:37:18,00:37:24,150,218
Running,2019,January,04/01/2019,11:30,Friday,11.72,786,01:11:14,71.23,0,0,,152,223,06:05,04:18,471,527,1.08,,0,0,0,,00:00.0,12,01:10:02,01:11:14,163,334
Running,2018,December,31/12/2018,17:24,Monday,6.27,424,00:31:35,31.58,0,0,,159,174,05:02,03:53,142,173,1.25,,0,0,0,,00:00.0,7,00:31:35,00:31:35,60,101
Pool Swimming,2018,December,28/12/2018,15:47,Friday,0.475,78,00:11:52,11.87,0,0,,0,0,02:30,01:28,,,0,279,52,24,0,,00:00.0,1,00:11:52,00:12:01,,
Running,2018,December,28/12/2018,09:47,Friday,12.01,806,01:10:10,70.17,0,0,,159,171,05:50,03:20,490,474,1.08,,0,0,0,,00:00.0,13,01:10:10,01:10:10,-15,41
Pool Swimming,2018,December,27/12/2018,21:26,Thursday,0.275,48,00:05:43,5.72,0,0,,0,0,02:05,01:25,,,0,140,44,24,0,,00:00.0,1,05:43.2,08:01.3,,
Treadmill Running,2018,December,25/12/2018,22:26,Tuesday,5.87,398,00:36:27,36.45,0,0,,158,177,06:12,04:13,,,1.02,,0,0,0,,00:00.0,6,00:36:27,00:36:30,841,841
Running,2018,December,24/12/2018,21:06,Monday,0.24,10,00:02:15,2.25,0,0,,135,162,09:18,07:48,,9,0.8,,0,0,0,,00:00.0,1,00:02:00,02:14.9,813,822
Running,2018,December,24/12/2018,21:05,Monday,0.07,3,00:00:45,0.75,0,0,,123,128,10:16,09:30,2,18,0.79,,0,0,0,,00:00.0,1,00:00:43,00:45.1,823,841
Treadmill Running,2018,December,23/12/2018,21:13,Sunday,3.37,227,00:21:41,21.68,0,0,,153,171,06:27,04:08,,,1.01,,0,0,0,,00:00.0,4,00:21:33,00:21:41,,
Running,2018,November,24/11/2018,18:47,Saturday,5.02,151,00:33:32,33.53,0,0,,155,169,06:41,04:12,181,178,0.96,,0,0,0,,00:00.0,6,00:33:30,00:33:32,321,382
Running,2018,November,20/11/2018,16:20,Tuesday,5.01,150,00:23:21,23.35,0,0,,161,171,04:40,03:36,77,94,1.33,,0,0,0,,00:00.0,6,00:23:21,00:23:21,311,394
Running,2018,November,17/11/2018,17:56,Saturday,7.25,214,00:43:19,43.32,0,0,,156,226,05:58,03:53,747,597,1.07,,0,0,0,,00:00.0,8,00:42:42,00:45:21,657,840
Pool Swimming,2018,November,16/11/2018,13:43,Friday,0.325,26,00:08:30,8.5,0,0,,0,0,02:24,02:04,,,0,185,50,24,0,,00:00.0,1,07:49.3,08:55.4,,
Pool Swimming,2018,November,16/11/2018,13:35,Friday,0.325,18,00:06:00,6,0,0,,0,0,02:05,01:23,,,0,112,44,24,0,,00:00.0,1,04:40.8,06:12.8,,
Running,2018,November,13/11/2018,18:54,Tuesday,2.11,319,00:16:10,16.17,0,0,,163,177,07:40,04:16,,,1.29,,0,0,0,,00:00.0,4,00:16:10,00:16:10,,
Running,2018,June,11/06/2018,20:32,Monday,5,464,00:21:17,21.28,0,0,,159,171,04:15,03:45,151,153,1.48,,0,0,0,,00:00.0,5,00:21:17,00:21:17,54,74
Running,2018,June,04/06/2018,06:33,Monday,6.84,633,00:30:30,30.5,0,0,,164,226,04:28,01:51,186,200,1.37,,0,0,0,,00:00.0,7,00:30:30,00:30:30,62,94
Running,2018,May,13/05/2018,08:02,Sunday,5,466,00:22:21,22.35,0,0,,160,170,04:28,03:59,178,185,1.4,,0,0,0,,00:00.0,6,00:22:20,00:22:21,45,79
Pool Swimming,2017,August,03/08/2017,15:35,Thursday,0.675,54,00:22:12,22.2,0,0,,0,0,02:48,00:50,,,0,447,58,24,0,,00:00.0,,00:18:52,00:22:19,,
Running,2017,July,29/07/2017,21:12,Saturday,3.67,89,00:30:41,30.68,0,0,,132,170,08:22,01:35,54,44,0.91,,0,0,0,,00:00.0,,00:30:39,00:30:41,328,382
Walking,2017,July,28/07/2017,18:47,Friday,0.77,15,00:09:05,9.08,0,0,,116,180,11:47,06:52,23,6,0.73,,0,0,0,,00:00.0,,00:08:20,09:04.6,377,403
Running,2017,July,28/07/2017,18:24,Friday,2.77,61,00:22:08,22.13,0,0,,154,247,08:00,04:43,54,37,0.81,,0,0,0,,00:00.0,,00:21:39,00:22:10,324,381
Running,2017,July,25/07/2017,19:40,Tuesday,3.19,83,00:19:37,19.62,0,0,,162,172,06:09,04:45,,,1.01,,0,0,0,,00:00.0,,00:19:37,00:19:37,,
